Tipo de demarche;Department;Function Group ;PartReference;Part Designation;Piloted ANPQP;Supplier Name;Pays;Site;PFE / File Manager;Purchasing;SSD;SSD Project Proximite;Origin (IL, PLDA, CO);Type piece (POE, POI);Razones PSW de origen ND;Fecha prevista PSW origen;Las piezas para ABPT1 son IOD? (Si-no);Las piezas para ABPT1 son representativas para PSW? ;Las piezas que llegan para ABPT1 tienen PSW? ;C藻o van a garantizar la llegada de piezas con PSW para ABPT2;Se tiene plan de cumplimiento de GSCR? ;TIPO
CO;DE-VD;41;628119487R;GUIDE AIR SUP G BOUCLIER AV;;BELLS;BRAZIL;271460-00-COLOMBO;;Christian FERREIRA;;;COCA;POE;En desarrollo - Con Fecha;S1936;;;;;;COCA
CO;DE-VB;11;732621744R;ARCEAU AR PAVILLON;;GESTAMP PARANA S.A;BRAZIL;276491-00-TAUBATE;;Patricia MEDEIROS - LB00635;;;COCA;POE;En desarrollo - Con Fecha;S1936;;;;;;COCA
CO;DE-VB;11;791100230R;DOUBLURE JUPE PARTIE SUP;;GESTAMP PARANA S.A;BRAZIL;276491-00-TAUBATE;;Patricia MEDEIROS - LB00635;;;COCA;POE;En desarrollo - Con Fecha;S1936;;;;;;COCA
CO;DE-VB;11;781400261R;DOUBLURE SUPPORT FEU AR D;;GESTAMP PARANA S.A;BRAZIL;276491-00-TAUBATE;;Patricia MEDEIROS - LB00635;;;COCA;POE;En desarrollo - Con Fecha;S1936;;;;;;COCA
CO;DE-VB;11;781412384R;DOUBLURE SUPPORT FEU AR G;;GESTAMP PARANA S.A;BRAZIL;276491-00-TAUBATE;;Patricia MEDEIROS - LB00635;;;COCA;POE;En desarrollo - Con Fecha;S1936;;;;;;COCA
CO;DE-VB;11;641961808R;RENFORT DOUBLURE PIED AV D;;GESTAMP PARANA S.A;BRAZIL;276491-00-TAUBATE;;Patricia MEDEIROS - LB00635;;;COCA;POE;En desarrollo - Con Fecha;S1936;;;;;;COCA
CO;DE-VB;11;641972741R;RENFORT DOUBLURE PIED AV G;;GESTAMP PARANA S.A;BRAZIL;276491-00-TAUBATE;;Patricia MEDEIROS - LB00635;;;COCA;POE;En desarrollo - Con Fecha;S1936;;;;;;COCA
CO;DE-VB;11;765302792R;RENFORT PIED MILIEU D;;GESTAMP PARANA S.A;BRAZIL;620596-00-SAO JOSE DOS PINHAIS;;Patricia MEDEIROS - LB00635;;;COCA;POE;En desarrollo - Con Fecha;S1940;;;;;;COCA
CO;DE-VB;11;625044151R;STRUCTURE FACE AV ASS;;GESTAMP PARANA S.A;BRAZIL;276491-00-TAUBATE;;Patricia MEDEIROS - LB00635;;;COCA;POE;En desarrollo - Con Fecha;S1936;;;;;;COCA
CO;DE-VB;11;766F58106R;RENFORT AR INF CUSTODE G;;TOWER AUTOMOTIVE;BRAZIL;620694-00 - U2C9-TOWER AUTOMOTIVE DO BRASIL SA.;;Manoela Reis;;;COCA;POE;En desarrollo - Con Fecha;S1936;;;;;;COCA
CO;DE-VB;11;781213935R;BOITIER PIPE CARBURANT;;TOWER AUTOMOTIVE;BRAZIL;620694-00 - U2C9-TOWER AUTOMOTIVE DO BRASIL SA.;;Medeiros Patricia lb00635 // Rodrigues Bruna lb13172;;;COCA;POE;En desarrollo - Con Fecha;S1936;;;;;;COCA
CO;DE-VB;11;625189279R;ELEMENT LAT TRV FACE AV SUP D;;TOWER AUTOMOTIVE;BRAZIL;620694-00 - U2C9-TOWER AUTOMOTIVE DO BRASIL SA.;;Medeiros Patricia lb00635 // Rodrigues Bruna lb13172;;;COCA;POE;En desarrollo - Con Fecha;S1936;;;;;;COCA
CO;DE-VB;11;625191617R;ELEMENT LAT TRV FACE AV SUP G;;TOWER AUTOMOTIVE;BRAZIL;620694-00 - U2C9-TOWER AUTOMOTIVE DO BRASIL SA.;;Medeiros Patricia lb00635 // Rodrigues Bruna lb13172;;;COCA;POE;En desarrollo - Con Fecha;S1936;;;;;;COCA
CO;DE-VB;11;852480062R;JUPE AR;;TOWER AUTOMOTIVE;BRAZIL;620694-00 - U2C9-TOWER AUTOMOTIVE DO BRASIL SA.;;Medeiros Patricia lb00635 // Rodrigues Bruna lb13172;;;COCA;POE;En desarrollo - Con Fecha;S1936;;;;;;COCA
CO;DE-VB;11;766361764R;RENFORT AR INF CUSTODE D;;TOWER AUTOMOTIVE;BRAZIL;620694-00 - U2C9-TOWER AUTOMOTIVE DO BRASIL SA.;;Medeiros Patricia lb00635 // Rodrigues Bruna lb13172;;;COCA;POE;En desarrollo - Con Fecha;S1936;;;;;;COCA
CO;DE-VB;11;791407225R;RENFORT JUPE AR;;TOWER AUTOMOTIVE;BRAZIL;620694-00 - U2C9-TOWER AUTOMOTIVE DO BRASIL SA.;;Medeiros Patricia lb00635 // Rodrigues Bruna lb13172;;;COCA;POE;En desarrollo - Con Fecha;S1936;;;;;;COCA
CO;DE-VB;11;776507388R;RENFORT SUP AR COTE CAISSE D;;TOWER AUTOMOTIVE;BRAZIL;620694-00 - U2C9-TOWER AUTOMOTIVE DO BRASIL SA.;;Medeiros Patricia lb00635 // Rodrigues Bruna lb13172;;;COCA;POE;En desarrollo - Con Fecha;S1936;;;;;;COCA
CO;DE-VB;11;732567222R;TRAVERSE CTL PAVILLON;;TOWER AUTOMOTIVE;BRAZIL;620694-00 - U2C9-TOWER AUTOMOTIVE DO BRASIL SA.;;Medeiros Patricia lb00635 // Rodrigues Bruna lb13172;;;COCA;POE;En desarrollo - Con Fecha;S1936;;;;;;COCA
CO;DE-VB;11;764124757R;ELEMENT FRMT COTE CAISSE D;;TOWER AUTOMOTIVE;BRAZIL;620694-00 - U2C9-TOWER AUTOMOTIVE DO BRASIL SA.;;Medeiros Patricia lb00635 // Rodrigues Bruna lb13172;;;COCA;POE;En desarrollo - Con Fecha;S1936;;;;;;COCA
CO;DE-VB;11;764131108R;ELEMENT FRMT COTE CAISSE G;;TOWER AUTOMOTIVE;BRAZIL;620694-00 - U2C9-TOWER AUTOMOTIVE DO BRASIL SA.;;Medeiros Patricia lb00635 // Rodrigues Bruna lb13172;;;COCA;POE;En desarrollo - Con Fecha;S1936;;;;;;COCA
CO;DE-VB;11;763568061R;GOUTTIERE LAT AR D;;TOWER AUTOMOTIVE;BRAZIL;620694-00 - U2C9-TOWER AUTOMOTIVE DO BRASIL SA.;;Medeiros Patricia lb00635 // Rodrigues Bruna lb13172;;;COCA;POE;En desarrollo - Con Fecha;S1936;;;;;;COCA
CO;DE-VB;11;763571615R;GOUTTIERE LAT AR G;;TOWER AUTOMOTIVE;BRAZIL;620694-00 - U2C9-TOWER AUTOMOTIVE DO BRASIL SA.;;Medeiros Patricia lb00635 // Rodrigues Bruna lb13172;;;COCA;POE;En desarrollo - Con Fecha;S1936;;;;;;COCA
CO;DE-VB;12;751348867R;ELEMENT FRMT AV LONGERON AV D;;GESTAMP PARANA S.A;BRAZIL;276491-00-TAUBATE;;Patricia MEDEIROS - LB00635;;;COCA;POE;En desarrollo - Con Fecha;S1936;;;;;;COCA
CO;DE-VB;12;751351590R;ELEMENT FRMT AV LONGERON AV G;;GESTAMP PARANA S.A;BRAZIL;276491-00-TAUBATE;;Patricia MEDEIROS - LB00635;;;COCA;POE;En desarrollo - Con Fecha;S1936;;;;;;COCA
CO;DE-VB;12;751747057R;LONGERON CTL SOUS PLANCHER;;GESTAMP PARANA S.A;BRAZIL;276491-00-TAUBATE;;Patricia MEDEIROS - LB00635;;;COCA;POE;En desarrollo - Con Fecha;S1936;;;;;;COCA
CO;DE-VB;12;762A20650R;PARTIE AR DOUBLURE PIED AV D;;GESTAMP PARANA S.A;BRAZIL;620596-00-SAO JOSE DOS PINHAIS;;Patricia MEDEIROS - LB00635;;;COCA;POE;En desarrollo - Con Fecha;S1942;;;;;;COCA
CO;DE-VB;12;762A39333R;PARTIE AR DOUBLURE PIED AV G;;GESTAMP PARANA S.A;BRAZIL;620596-00-SAO JOSE DOS PINHAIS;;Patricia MEDEIROS - LB00635;;;COCA;POE;En desarrollo - Con Fecha;S1942;;;;;;COCA
CO;DE-VB;12;641005753R;REHAUSSE COUPELLE AMORTISSEUR AV D;;GESTAMP PARANA S.A;BRAZIL;276491-00-TAUBATE;;Patricia MEDEIROS - LB00635;;;COCA;POE;En desarrollo - Con Fecha;S1936;;;;;;COCA
CO;DE-VB;12;641017615R;REHAUSSE COUPELLE AMORTISSEUR AV G;;GESTAMP PARANA S.A;BRAZIL;276491-00-TAUBATE;;Patricia MEDEIROS - LB00635;;;COCA;POE;En desarrollo - Con Fecha;S1936;;;;;;COCA
CO;DE-VB;12;745325740R;FERMETURE LAT D SOUBASSEMENT AR;;TOWER AUTOMOTIVE;BRAZIL;620694-00 - U2C9-TOWER AUTOMOTIVE DO BRASIL SA.;;Medeiros Patricia lb00635;;;COCA;POE;En desarrollo - Con Fecha;S1936;;;;;;COCA
CO;DE-VB;12;745338473R;FERMETURE LAT G SOUBASSEMENT AR;;TOWER AUTOMOTIVE;BRAZIL;620694-00 - U2C9-TOWER AUTOMOTIVE DO BRASIL SA.;;Medeiros Patricia lb00635;;;COCA;POE;En desarrollo - Con Fecha;S1936;;;;;;COCA
CO;DE-VB;12;762422122R;PARTIE AV DOUBLURE PIED AV D;;TOWER AUTOMOTIVE;BRAZIL;620694-00 - U2C9-TOWER AUTOMOTIVE DO BRASIL SA.;;Medeiros Patricia lb00635;;;COCA;POE;En desarrollo - Con Fecha;S1936;;;;;;COCA
CO;DE-VB;12;663606500R;RENFORT TABLIER D;;TOWER AUTOMOTIVE;BRAZIL;620694-00 - U2C9-TOWER AUTOMOTIVE DO BRASIL SA.;;Medeiros Patricia lb00635;;;COCA;POE;En desarrollo - Con Fecha;S1936;;;;;;COCA
CO;DE-VB;12;673395980R;RENFORT TABLIER G;;TOWER AUTOMOTIVE;BRAZIL;620694-00 - U2C9-TOWER AUTOMOTIVE DO BRASIL SA.;;Medeiros Patricia lb00635;;;COCA;POE;En desarrollo - Con Fecha;S1936;;;;;;COCA
CO;DE-VB;13;656156707R;RENFORT GACHE CAPOT AV ASS;;TOWER AUTOMOTIVE;BRAZIL;620694-00 - U2C9-TOWER AUTOMOTIVE DO BRASIL SA.;;Manoela Reis;;;COCA;POE;En desarrollo - Con Fecha;S1936;;;;;;COCA
CO;DE-VB;13;843408889R;RENFORT SERRURE PORTE COFFRE ASS;;TOWER AUTOMOTIVE;BRAZIL;620694-00 - U2C9-TOWER AUTOMOTIVE DO BRASIL SA.;;Manoela Reis;;;COCA;POE;En desarrollo - Con Fecha;S1936;;;;;;COCA
CO;DE-VB;13;788305679R;TRAPPE ENERGIE P-ASS;;SC MPO PRODIVERS REZISTENT S;ROMANIA;264044-00-PISCANI;;DUMITRU Ionut ;;;COCA;POE;Desarrollo Terminado;S1927;;;;;;COCA
CO;DE-VB;13;821467359R;RENFORT CEINTURE PORTE AR D;;TOWER AUTOMOTIVE;BRAZIL;620694-00 - U2C9-TOWER AUTOMOTIVE DO BRASIL SA.;;Medeiros Patricia lb00635 // Rodrigues Bruna lb13172;;;COCA;POE;En desarrollo - Con Fecha;S1936;;;;;;COCA
CO;DE-VB;13;821474009R;RENFORT CEINTURE PORTE AR G;;TOWER AUTOMOTIVE;BRAZIL;620694-00 - U2C9-TOWER AUTOMOTIVE DO BRASIL SA.;;Manoela Reis;;;COCA;POE;En desarrollo - Con Fecha;S1936;;;;;;COCA
CO;DE-VB;13;901323145R;RENFORT D CAISSON PORTE COFFRE;;TOWER AUTOMOTIVE;BRAZIL;620694-00 - U2C9-TOWER AUTOMOTIVE DO BRASIL SA.;;Manoela Reis;;;COCA;POE;En desarrollo - Con Fecha;S1936;;;;;;COCA
CO;DE-VB;13;901336133R;RENFORT G CAISSON PORTE COFFRE;;TOWER AUTOMOTIVE;BRAZIL;620694-00 - U2C9-TOWER AUTOMOTIVE DO BRASIL SA.;;Manoela Reis;;;COCA;POE;En desarrollo - Con Fecha;S1936;;;;;;COCA
CO;DEA-PB;31;656204154R;COMMANDE OVRT CAPOT;;NOBEL AUTOMOTIVE MEXICO S DE;MEXICO;296645-00-MEXICO DF;;Oliveira Doris lb07287;;;COCA;POE;Desarrollo Terminado;S1931;;;;;;COCA
CO;DEA-PB;31;788224477R;CABLE COMMANDE OVRT TRAPPE CARBURANT;;NOBEL AUTOMOTIVE MEXICO S DE;MEXICO;296645-00-MEXICO DF;;Rodrigues Bruna lb13172 // Oliveira Doris lb07287;;;COCA;POE;Desarrollo Terminado;S1931;;;;;;COCA
CO;DEA-PB;31;806015129R;COLLECTION VERROU;Pilotada COCA;U-SHIN;BRAZIL;286139-00-GUARULHOS;;Rodrigues Bruna lb13172;;;COCA;POE;Sin Demarche de origen - Sin informacion;;;;;;;COCA
CO;DEA-PB;31;806016966R;COLLECTION VERROU;Piloto COCA;U-SHIN;BRAZIL;286139-00-GUARULHOS;;Rodrigues Bruna lb13172;;;COCA;POE;Desarrollo Terminado;S1934;;;;;;COCA
CO;DE-VB;32;828642865R;FEUILLE ETANCHEITE PORTE AR;Pilotada COCA;ADHEX TECH DO BRASIL COM AD;BRAZIL;269239-00-RIBEIRAO PIRES;;0;;;COCA;POE;En desarrollo - Con Fecha;S1937;;;;;;COCA
CO;DE-VB;32;809038098R;FEUILLE ETANCHEITE PORTE AV;Piloto COCA;ADHEX TECH DO BRASIL COM AD;BRAZIL;269239-00-RIBEIRAO PIRES;;0;;;COCA;POE;En desarrollo - Con Fecha;S1937;;;;;;COCA
CO;DE-VB;32;823305911R;COULISSE VITRE AR D;;HUTCHINSON;BRAZIL;251700-00-MONTE ALTO;;Bruna RODRIGUES - LB13172;;;COCA;POE;En desarrollo - Con Fecha;S1937;;;;;;COCA
CO;DE-VB;32;823319715R;COULISSE VITRE AR G;;HUTCHINSON;BRAZIL;251700-00-MONTE ALTO;;Bruna RODRIGUES - LB13172;;;COCA;POE;En desarrollo - Con Fecha;S1937;;;;;;COCA
CO;DE-VB;32;803303108R;COULISSE VITRE AV D;;HUTCHINSON;BRAZIL;251700-00-MONTE ALTO;;Bruna RODRIGUES - LB13172;;;COCA;POE;En desarrollo - Con Fecha;S1937;;;;;;COCA
CO;DE-VB;32;803319837R;COULISSE VITRE AV G;;HUTCHINSON;BRAZIL;251700-00-MONTE ALTO;;Bruna RODRIGUES - LB13172;;;COCA;POE;En desarrollo - Con Fecha;S1937;;;;;;COCA
CO;DE-VB;32;768617082R;JOINT DOUBLE ETANCHEITE G;;HUTCHINSON;BRAZIL;251700-00-MONTE ALTO;;Bruna RODRIGUES - LB13172;;;COCA;POE;En desarrollo - Con Fecha;S1937;;;;;;COCA
CO;DE-VB;32;828206028R;LECHEUR EXT VITRE AR D;;HUTCHINSON;BRAZIL;251700-00-MONTE ALTO;;Bruna RODRIGUES - LB13172;;;COCA;POE;En desarrollo - Con Fecha;S1937;;;;;;COCA
CO;DE-VB;32;828211587R;LECHEUR EXT VITRE AR G;;HUTCHINSON;BRAZIL;251700-00-MONTE ALTO;;Bruna RODRIGUES - LB13172;;;COCA;POE;En desarrollo - Con Fecha;S1937;;;;;;COCA
CO;DE-VB;32;808208520R;LECHEUR EXT VITRE AV D;;HUTCHINSON;BRAZIL;251700-00-MONTE ALTO;;Rodrigues Bruna lb13172;;;COCA;POE;En desarrollo - Con Fecha;S1937;;;;;;COCA
CO;DE-VB;32;808219363R;LECHEUR EXT VITRE AV G;;HUTCHINSON;BRAZIL;251700-00-MONTE ALTO;;Bruna RODRIGUES - LB13172;;;COCA;POE;En desarrollo - Con Fecha;S1937;;;;;;COCA
CO;DE-VB;32;823316157R;LECHEUR INT PORTE AR G;;HUTCHINSON;BRAZIL;251700-00-MONTE ALTO;;Bruna RODRIGUES - LB13172;;;COCA;POE;En desarrollo - Con Fecha;S1937;;;;;;COCA
CO;DE-VB;32;803308368R;LECHEUR INT PORTE AV D;;HUTCHINSON;BRAZIL;251700-00-MONTE ALTO;;Bruna RODRIGUES - LB13172;;;COCA;POE;En desarrollo - Con Fecha;S1937;;;;;;COCA
CO;DE-VB;32;803310370R;LECHEUR INT PORTE AV G;;HUTCHINSON;BRAZIL;251700-00-MONTE ALTO;;Bruna RODRIGUES - LB13172;;;COCA;POE;En desarrollo - Con Fecha;S1937;;;;;;COCA
CO;DE-VB;32;823304189R;LECHEUR INT VITRE AR D;;HUTCHINSON;BRAZIL;251700-00-MONTE ALTO;;Bruna RODRIGUES - LB13172;;;COCA;POE;En desarrollo - Con Fecha;S1937;;;;;;COCA
CO;DE-VB;32;823887844R;JOINT ANTISALISSURE INF PORTE AR D;;HUTCHINSON;BRAZIL;251700-00-MONTE ALTO;;Bruna RODRIGUES - LB13172;;;COCA;POE;En desarrollo - Con Fecha;S1937;;;;;;COCA
CO;DE-VB;32;828359597R;JOINT ANTISALISSURE INF PORTE AR G;;HUTCHINSON;BRAZIL;251700-00-MONTE ALTO;;Bruna RODRIGUES - LB13172;;;COCA;POE;En desarrollo - Con Fecha;S1937;;;;;;COCA
CO;DE-VB;32;808308270R;JOINT ANTISALISSURE PORTE AV D;;HUTCHINSON;BRAZIL;251700-00-MONTE ALTO;;Bruna RODRIGUES - LB13172;;;COCA;POE;En desarrollo - Con Fecha;S1937;;;;;;COCA
CO;DE-VB;32;808319732R;JOINT ANTISALISSURE PORTE AV G;;HUTCHINSON;BRAZIL;251700-00-MONTE ALTO;;Bruna RODRIGUES - LB13172;;;COCA;POE;En desarrollo - Con Fecha;S1937;;;;;;COCA
CO;DE-VB;32;768609369R;JOINT DOUBLE ETANCHEITE D;;HUTCHINSON;BRAZIL;251700-00-MONTE ALTO;;Bruna RODRIGUES - LB13172;;;COCA;POE;En desarrollo - Con Fecha;S1937;;;;;;COCA
CO;DE-VB;32;769247554R;JOINT ENTREE PORTE AR G;;HUTCHINSON;BRAZIL;251700-00-MONTE ALTO;;Bruna RODRIGUES - LB13172;;;COCA;POE;En desarrollo - Con Fecha;S1937;;;;;;COCA
CO;DE-VB;32;808329651R;JOINT ENTREE PORTE AV;;HUTCHINSON;BRAZIL;251700-00-MONTE ALTO;;Bruna RODRIGUES - LB13172;;;COCA;POE;En desarrollo - Con Fecha;S1937;;;;;;COCA
CO;DE-VB;32;908305651R;JOINT PORTE COFFRE CAISSE;;HUTCHINSON;BRAZIL;251700-00-MONTE ALTO;;Bruna RODRIGUES - LB13172;;;COCA;POE;En desarrollo - Con Fecha;S1937;;;;;;COCA
CO;DE-VB;32;668306107R;JOINT TRAVERSE CHAUFFAGE;;HUTCHINSON;BRAZIL;251700-00-MONTE ALTO;;Bruna RODRIGUES - LB13172;;;COCA;POE;En desarrollo - Con Fecha;S1937;;;;;;COCA
CO;DE-VB;32;827216888R;LEVE-VITRE AR G ANTIPINCEMENT;Pilotada COCA;KWANGJIN INDUSTRIA DE AUTO P;BRAZIL;417436-00-SUMARE-BRESIL;;Bruna RODRIGUES - LB13172;;;COCA;POE;En desarrollo - Con Fecha;S1937;;;;;;COCA
CO;DE-VB;32;807204366R;LEVE-VITRE AV D ANTIPINCEMENT;Pilotada COCA;KWANGJIN INDUSTRIA DE AUTO P;BRAZIL;417436-00-SUMARE-BRESIL;;Bruna RODRIGUES - LB13172;;;COCA;POE;En desarrollo - Con Fecha;S1937;;;;;;COCA
CO;DE-VB;32;807211707R;LEVE-VITRE AV G ANTIPINCEMENT;Piloto COCA;KWANGJIN INDUSTRIA DE AUTO P;BRAZIL;417436-00-SUMARE-BRESIL;;Bruna RODRIGUES - LB13172;;;COCA;POE;En desarrollo - Con Fecha;S1937;;;;;;COCA
CO;DE-VB;32;827202370R;LEVE-VITRE AR D ANTIPINCEMENT;Pilotada COCA;KWANGJIN INDUSTRIA DE AUTO P;BRAZIL;417436-00-SUMARE-BRESIL;;Bruna RODRIGUES - LB13172;;;COCA;POE;En desarrollo - Con Fecha;S1937;;;;;;COCA
CO;DE-VD;41;620927800R;ABSORBEUR D BOUCLIER AV;Piloto COCA;SIMOLDES PLASTICOS DO BRASIL;BRAZIL;620679-00-SAO JOSE DOS PINHAIS;;Christian FERREIRA;;;COCA;POE;En desarrollo - Con Fecha;S1936;;;;;;COCA
CO;DE-VD;41;620936395R;ABSORBEUR G BOUCLIER AV;Pilotada COCA;SIMOLDES PLASTICOS DO BRASIL;BRAZIL;620679-00-SAO JOSE DOS PINHAIS;;Christian FERREIRA;;;COCA;POE;En desarrollo - Con Fecha;S1936;;;;;;COCA
CO;DE-VD;41;768518016R;ELARGISSEUR BAVOLET AR G;Pilotada COCA;SIMOLDES PLASTICOS DO BRASIL;BRAZIL;620679-00-SAO JOSE DOS PINHAIS;;Christian FERREIRA;;;COCA;POE;En desarrollo - Con Fecha;S1936;;;;;;COCA
CO;DE-VD;41;764368735R;ELARGISSEUR BAVOLET AV D;Piloto COCA;SIMOLDES PLASTICOS DO BRASIL;BRAZIL;620679-00-SAO JOSE DOS PINHAIS;;Christian FERREIRA;;;COCA;POE;En desarrollo - Con Fecha;S1936;;;;;;COCA
CO;DE-VD;41;768511707R;ELARGISSEUR BAVOLET AV G;Pilotada COCA;SIMOLDES PLASTICOS DO BRASIL;BRAZIL;620679-00-SAO JOSE DOS PINHAIS;;Christian FERREIRA;;;COCA;POE;En desarrollo - Con Fecha;S1936;;;;;;COCA
CO;DE-VD;41;768503371R;ELARGISSEUR BAVOLET D;Piloto COCA;SIMOLDES PLASTICOS DO BRASIL;BRAZIL;620679-00-SAO JOSE DOS PINHAIS;;Christian FERREIRA;;;COCA;POE;En desarrollo - Con Fecha;S1936;;;;;;COCA
CO;DE-VD;41;769518723R;ENJOLIVEUR ELARGISSEUR BAVOLET D;Piloto COCA;SIMOLDES PLASTICOS DO BRASIL;BRAZIL;620679-00-SAO JOSE DOS PINHAIS;;Christian FERREIRA;;;COCA;POE;En desarrollo - Con Fecha;S1936;;;;;;COCA
CO;DE-VD;41;769520359R;ENJOLIVEUR ELARGISSEUR BAVOLET G;Pilotada COCA;SIMOLDES PLASTICOS DO BRASIL;BRAZIL;620679-00-SAO JOSE DOS PINHAIS;;Christian FERREIRA;;;COCA;POE;En desarrollo - Con Fecha;S1936;;;;;;COCA
CO;DE-VD;41;622545490R;GRILLE INF ENTREE AIR BOUCLIER AV;;METAPLAST SRL;ROMANIA;232359-02-TITU-ROUMANIE;;Madalin MEDINTU - BW60274;;;COCA;POE;Desarrollo Terminado;S1935;;;;;;COCA
CO;DE-VD;41;668110431R;GRILLE AUVENT;;BELLS;BRAZIL;271460-00-COLOMBO;;Christian FERREIRA;;;COCA;POE;En desarrollo - Con Fecha;S1936;;;;;;COCA
CO;DE-VD;41;850908990R;ABSORBEUR BOUCLIER AR;;SIMOLDES PLASTICOS DO BRASIL;BRAZIL;620679-00-SAO JOSE DOS PINHAIS;;Christian FERREIRA;;;COCA;POE;En desarrollo - Con Fecha;S1936;;;;;;COCA
CO;DE-VD;41;638749879R;ENJOLIVEUR AILE AV D ASS;Piloto COCA;SIMOLDES PLASTICOS DO BRASIL;BRAZIL;620679-00-SAO JOSE DOS PINHAIS;;Christian FERREIRA;;;COCA;POE;En desarrollo - Con Fecha;S1936;;;;;;COCA
CO;DE-VD;41;638754730R;ENJOLIVEUR AILE AV G ASS;Piloto COCA;SIMOLDES PLASTICOS DO BRASIL;BRAZIL;620679-00-SAO JOSE DOS PINHAIS;;Christian FERREIRA;;;COCA;POE;En desarrollo - Con Fecha;S1936;;;;;;COCA
CO;DE-VD;41;261A20711R;ENJOLIVEUR PROJECTEUR BROUILLARD D;;SIMOLDES PLASTICOS DO BRASIL;BRAZIL;620679-00-SAO JOSE DOS PINHAIS;;Christian FERREIRA;;;COCA;POE;En desarrollo - Con Fecha;S1936;;;;;;COCA
CO;DE-VD;41;261A24470R;ENJOLIVEUR PROJECTEUR BROUILLARD D;;SIMOLDES PLASTICOS DO BRASIL;BRAZIL;620679-00-SAO JOSE DOS PINHAIS;;Christian FERREIRA;;;COCA;POE;En desarrollo - Con Fecha;S1936;;;;;;COCA
CO;DE-VD;41;261A30859R;ENJOLIVEUR PROJECTEUR BROUILLARD G;;SIMOLDES PLASTICOS DO BRASIL;BRAZIL;620679-00-SAO JOSE DOS PINHAIS;;Christian FERREIRA;;;COCA;POE;En desarrollo - Con Fecha;S1936;;;;;;COCA
CO;DE-VD;41;261A36272R;ENJOLIVEUR PROJECTEUR BROUILLARD G;;SIMOLDES PLASTICOS DO BRASIL;BRAZIL;620679-00-SAO JOSE DOS PINHAIS;;Christian FERREIRA;;;COCA;POE;En desarrollo - Con Fecha;S1936;;;;;;COCA
CO;DE-VD;41;623103138R;GRILLE CALANDRE;;SIMOLDES PLASTICOS DO BRASIL;BRAZIL;620679-00-SAO JOSE DOS PINHAIS;;Christian FERREIRA;;;COCA;POE;En desarrollo - Con Fecha;S1936;;;;;;COCA
CO;DE-VD;41;638A89206R;SUPPORT ENJOLIVEUR AILE AV D;;SIMOLDES PLASTICOS DO BRASIL;BRAZIL;620679-00-SAO JOSE DOS PINHAIS;;Christian FERREIRA;;;COCA;POE;En desarrollo - Con Fecha;S1936;;;;;;COCA
CO;DE-VD;41;638A97082R;SUPPORT ENJOLIVEUR AILE AV G;;SIMOLDES PLASTICOS DO BRASIL;BRAZIL;620679-00-SAO JOSE DOS PINHAIS;;Christian FERREIRA;;;COCA;POE;En desarrollo - Con Fecha;S1936;;;;;;COCA
CO;DE-VD;41;638407033R;ECRAN PASSAGE ROUE AV D;;BELLS;BRAZIL;271460-00-COLOMBO;;Christian FERREIRA;;;COCA;POE;En desarrollo - Con Fecha;S1951;;;;;;COCA
CO;DE-VD;41;638415599R;ECRAN PASSAGE ROUE AV G;;BELLS;BRAZIL;271460-00-COLOMBO;;Christian FERREIRA;;;COCA;POE;En desarrollo - Con Fecha;S1951;;;;;;COCA
CO;DE-VD;42;265504889R;FEU AR D;Piloto COCA;VARROC DO BRASIL INDUSTRIA E COMERC;BRAZIL;416597-00-SOROCABA;;Rodrigues Bruna lb13172;;;COCA;POE;En desarrollo - Con Fecha;S1937;;;;;;COCA
CO;DE-VD;42;265551016R;FEU AR G;Pilotada COCA;VARROC DO BRASIL INDUSTRIA E COMERC;BRAZIL;416597-00-SOROCABA;;Rodrigues Bruna lb13172;;;COCA;POE;En desarrollo - Con Fecha;S1937;;;;;;COCA
CO;DE-VD;42;260105138R;PROJECTEUR HALOGENE D;Piloto COCA;VARROC DO BRASIL INDUSTRIA E COMERC;BRAZIL;416597-00-SOROCABA;;Rodrigues Bruna lb13172;;;COCA;POE;En desarrollo - Con Fecha;S1937;;;;;;COCA
CO;DE-VD;42;260606757R;PROJECTEUR HALOGENE G;;VARROC DO BRASIL INDUSTRIA E COMERC;BRAZIL;416597-00-SOROCABA;;Rodrigues Bruna lb13172;;;COCA;POE;En desarrollo - Con Fecha;S1937;;;;;;COCA
CO;DE-VB;43;963295400R;CACHE CAPTEUR PLUIE;;MAGNA SLOVTECA SRO.;SLOVAKIA;251048-00-NOVE MESTO NAD VAHOM;;Mustapha AARIF - A068735;;;COCA;POE;Desarrollo Terminado;S1927;;;;;;COCA
CO;DE-VB;43;963D20275R;CACHE FIL RETROVISEUR INT;;MAGNA INTERNATIONAL INC;SLOVAKIA;251048-00-NOVE MESTO NAD VAHOM;;MUSTAPHA AARIF - A068735;;;COCA;POE;Desarrollo Terminado;S1933;;;;;;COCA
CO;DE-VB;43;833069488R;VITRE CUSTODE D;;PILKINGTON;BRAZIL;620656-00;;Bruna RODRIGUES - LB13172;;;COCA;POE;En desarrollo - Con Fecha;S1937;;;;;;COCA
CO;DE-VB;43;833078875R;VITRE CUSTODE G;;PILKINGTON;BRAZIL;620656-00;;Bruna RODRIGUES - LB13172;;;COCA;POE;En desarrollo - Con Fecha;S1937;;;;;;COCA
CO;DE-VB;43;903007017R;VITRE LUNETTE;;PILKINGTON;BRAZIL;620656-00;;Bruna RODRIGUES - LB13172;;;COCA;POE;En desarrollo - Con Fecha;S1937;;;;;;COCA
CO;DE-VB;43;803008419R;VITRE MOBILE PORTE AV D;;PILKINGTON;BRAZIL;620656-00;;Bruna RODRIGUES - LB13172;;;COCA;POE;En desarrollo - Con Fecha;S1937;;;;;;COCA
CO;DE-VB;43;803015907R;VITRE MOBILE PORTE AV G;;PILKINGTON;BRAZIL;620656-00;;Bruna RODRIGUES - LB13172;;;COCA;POE;En desarrollo - Con Fecha;S1937;;;;;;COCA
CO;DE-VB;43;727122358R;VITRE PARE-BRISE;;PILKINGTON;BRAZIL;620656-00;;Bruna RODRIGUES - LB13172;;;COCA;POE;En desarrollo - Con Fecha;S1937;;;;;;COCA
CO;DE-VB;43;727128095R;VITRE PARE-BRISE;;PILKINGTON;BRAZIL;620656-00;;Bruna RODRIGUES - LB13172;;;COCA;POE;En desarrollo - Con Fecha;S1937;;;;;;COCA
CO;DE-VB;43;823002034R;VITRE MOBILE PORTE AR D;;PILKINGTON;BRAZIL;620656-00-CACAPAVA;;Bruna RODRIGUES - LB13172;;;COCA;POE;En desarrollo - Con Fecha;S1937;;;;;;COCA
CO;DE-VB;43;823015581R;VITRE MOBILE PORTE AR G;;PILKINGTON;BRAZIL;620656-00-CACAPAVA;;Bruna RODRIGUES - LB13172;;;COCA;POE;En desarrollo - Con Fecha;S1937;;;;;;COCA
CO;DE-VB;43;963741854R;COQUILLE RTRV EXT D;;SMR;BRAZIL;287869-00;;Bruna RODRIGUES - LB13172;;;COCA;POE;En desarrollo - Con Fecha;S1937;;;;;;COCA
CO;DE-VB;43;963743190R;COQUILLE RTRV EXT D;;SMR;BRAZIL;287869-00;;Bruna RODRIGUES - LB13172;;;COCA;POE;En desarrollo - Con Fecha;S1937;;;;;;COCA
CO;DE-VB;43;963738336R;COQUILLE RTRV EXT G;;SMR;BRAZIL;287869-00;;Bruna RODRIGUES - LB13172;;;COCA;POE;En desarrollo - Con Fecha;S1937;;;;;;COCA
CO;DE-VB;43;963738853R;COQUILLE RTRV EXT G;;SMR;BRAZIL;287869-00;;Bruna RODRIGUES - LB13172;;;COCA;POE;En desarrollo - Con Fecha;S1937;;;;;;COCA
CO;DE-VB;43;963016391R;RETROVISEUR EXT D;;SMR;BRAZIL;287869-00;;Bruna RODRIGUES - LB13172;;;COCA;POE;En desarrollo - Con Fecha;S1937;;;;;;COCA
CO;DE-VB;43;963011390R;RETROVISEUR EXT D ELCT;;SMR;BRAZIL;287869-00;;Bruna RODRIGUES - LB13172;;;COCA;POE;En desarrollo - Con Fecha;S1937;;;;;;COCA
CO;DE-VB;43;963025323R;RETROVISEUR EXT G;;SMR;BRAZIL;287869-00;;Bruna RODRIGUES - LB13172;;;COCA;POE;En desarrollo - Con Fecha;S1937;;;;;;COCA
CO;DE-VB;43;963023345R;RETROVISEUR EXT G ELCT;;SMR;BRAZIL;287869-00;;Bruna RODRIGUES - LB13172;;;COCA;POE;En desarrollo - Con Fecha;S1937;;;;;;COCA
CO;DE-VD;51;484724755R;COQUILLE SOUS VOLANT INF;;BELLS;BRAZIL;271460-00-COLOMBO;;Christian FERREIRA;;;COCA;POE;En desarrollo - Con Fecha;S1936;;;;;;COCA
CO;DE-VD;51;484711302R;COQUILLE SOUS VOLANT SUP;;BELLS;BRAZIL;271460-00-COLOMBO;;Christian FERREIRA;;;COCA;POE;En desarrollo - Con Fecha;S1936;;;;;;COCA
CO;DE-VD;51;682609537R;FACADE COMMANDE CHAUFFAGE;;BELLS;BRAZIL;271460-00-COLOMBO;;Christian FERREIRA;;;COCA;POE;En desarrollo - Con Fecha;S1936;;;;;;COCA
CO;DE-VD;51;681040935R;HABILLAGE INF CTL PDB;;BELLS;BRAZIL;271460-00-COLOMBO;;Christian FERREIRA;;;COCA;POE;En desarrollo - Con Fecha;S1936;;;;;;COCA
CO;DE-VD;51;681045570R;HABILLAGE INF CTL PDB;;BELLS;BRAZIL;271460-00-COLOMBO;;Christian FERREIRA;;;COCA;POE;En desarrollo - Con Fecha;S1936;;;;;;COCA
CO;DE-VD;51;681046036R;HABILLAGE INF CTL PDB;;BELLS;BRAZIL;271460-00-COLOMBO;;Christian FERREIRA;;;COCA;POE;En desarrollo - Con Fecha;S1936;;;;;;COCA
CO;DE-VD;51;681082373R;HABILLAGE INF PDB COTE PSG;;BELLS;BRAZIL;271460-00-COLOMBO;;Christian FERREIRA;;;COCA;POE;En desarrollo - Con Fecha;S1936;;;;;;COCA
CO;DE-VD;51;681354423R;HABILLAGE LAT G PDB;;BELLS;BRAZIL;271460-00-COLOMBO;;Christian FERREIRA;;;COCA;POE;En desarrollo - Con Fecha;S1936;;;;;;COCA
CO;DE-VD;51;484B28335R;SUPPORT COQUILLE INF SOUS VOLANT;;BELLS;BRAZIL;271460-00-COLOMBO;;Christian FERREIRA;;;COCA;POE;En desarrollo - Con Fecha;S1936;;;;;;COCA
CO;DE-VD;51;681630222R;SUPPORT INTERRUPTEUR PDB COTE CDC;;BELLS;BRAZIL;271460-00-COLOMBO;;Christian FERREIRA;;;COCA;POE;En desarrollo - Con Fecha;S1936;;;;;;COCA
CO;DE-VD;51;681358955R;HABILLAGE LAT G PDB;;METAPLAST SRL;ROMANIA;232359-02-TITU-ROUMANIE;;Sebestyen Renata-Izabella ay47948;;;COCA;POE;Desarrollo Terminado;S1930;;;;;;COCA
CO;DE-VD;51;678777299R;TUBE TRAVERSE POSTE CONDUITE;Piloto COCA;TMK-ARTROM SA;ROMANIA;291350-00-SLATINA-ROUMANIE;;Enache Laurentiu-tomy ay05769;B. Couture;;COCA;POE;Desarrollo Terminado;S1929;;;;;;COCA
CO;DEA-PE;52;926000979R;COMPRESSEUR CA;;SANDEN VIKAS INDIA PVT. LIMI;INDIA;269260-01-FARIDABAD;;Nithyanandam VADIVELU;;;COCA;POE;En desarrollo - Con Fecha;S1945;;;;;;COCA
CO;DEA-PE;52;272701105R;CLIMATISEUR CA MNL;;VALEO;BRAZIL;620703-00-ITATIBA;;Doris OLIVEIRA - LB07287;;;COCA;POE;En desarrollo - Con Fecha;S1936;;;;;;COCA
CO;DEA-PE;52;272708274R;CLIMATISEUR CA MNL;;VALEO;BRAZIL;620703-00-ITATIBA;;Doris OLIVEIRA - LB07287;;;COCA;POE;En desarrollo - Con Fecha;S1936;;;;;;COCA
CO;DEA-PE;52;272709967R;CLIMATISEUR CA RGLE;;VALEO;BRAZIL;620703-00-ITATIBA;;Doris OLIVEIRA - LB07287;;;COCA;POE;En desarrollo - Con Fecha;S1936;;;;;;COCA
CO;DEA-PE;52;272702548R;CLIMATISEUR CA RGLE;;VALEO;BRAZIL;620703-00-ITATIBA;;Doris OLIVEIRA - LB07287;;;COCA;POE;En desarrollo - Con Fecha;S1936;;;;;;COCA
CO;DEA-PE;54;681996173R;INHIBITEUR SAC GONFLABLE PSG AV;;MARQUARDT FRANCE SARL;TUNISIA;273652-04-EL HRAIRIA TUNIS;;0;;;COCA;POE;En desarrollo - Con Fecha;S1951;;;;;;COCA
CO;DEA-PE;54;255677503R;COMMANDE SOUS VOLANT;;KOSTAL;BULGARIE;416189-00-PAZARDZHIK-BULGARIE;;Ismail NBOU - A005120;;;COCA;POE;Desarrollo Terminado;S1927;;;;;;COCA
CO;DEA-PE;54;255678614R;COMMANDE SOUS VOLANT;;KOSTAL;BULGARIE;416189-00-PAZARDZHIK-BULGARIE;;Ismail NBOU - A005120;;;COCA;POE;Desarrollo Terminado;S1927;;;;;;COCA
CO;DEA-PE;61;888428864R;BOUCLE DOUBLE CEINTURE SCR D 2EME RNG;Piloto COCA;AUTOLIV;BRAZIL;620552-01-TAUBATE;;Guilherme MA큐NEIRO NA03185;;;COCA;POE;En desarrollo - Con Fecha;S1939;;;;;;COCA
CO;DEA-PE;61;888435197R;BOUCLE DOUBLE CEINTURE SCR G 2EME RNG;Pilotada COCA;AUTOLIV;BRAZIL;620552-01-TAUBATE;;Guilherme MA큐NEIRO NA03185;;;COCA;POE;En desarrollo - Con Fecha;S1939;;;;;;COCA
CO;DEA-PE;61;888404190R;CEINTURE SCR 2EME RNG;;AUTOLIV;BRAZIL;620552-01-TAUBATE;;Guilherme MA큐NEIRO NA03185;;;COCA;POE;En desarrollo - Con Fecha;S1937;;;;;;COCA
CO;DEA-PE;61;888507823R;CEINTURE SCR CTL 2EME RNG;;AUTOLIV;BRAZIL;620552-01-TAUBATE;;Guilherme MA큐NEIRO NA03185;;;COCA;POE;En desarrollo - Con Fecha;S1937;;;;;;COCA
CO;DEA-PE;61;868842880R;CEINTURE SCR D 1ERE RNG;;AUTOLIV;BRAZIL;620552-01-TAUBATE;;Pablo Gallon;;;COCA;POE;En desarrollo - Con Fecha;S1937;;;;;;COCA
CO;DEA-PE;61;868853120R;CEINTURE SCR G 1ERE RNG;;AUTOLIV;BRAZIL;620552-01-TAUBATE;;Pablo Gallon;;;COCA;POE;En desarrollo - Con Fecha;S1937;;;;;;COCA
CO;DEA-PE;61;484005466R;VOLANT DIRECTION;;JOYSON SAFETY SYSTEMS BRASIL;BRAZIL;620655-00;;Guilherme MA큐NEIRO NA03185;;;COCA;POE;En desarrollo - Con Fecha;S1937;;;;;;COCA
CO;DEA-PE;61;985252719R;SAC GONFLABLE PASSAGER 1ERE RNG;;AUTOLIV;BRAZIL;620552-01-TAUBATE;;Pablo Gallon;;;COCA;POE;En desarrollo - Con Fecha;S1937;;;;;;COCA
CO;DEA-PE;61;985704737R;SAC GONFLABLE CONDUCTEUR;;JOYSON SAFETY SYSTEMS BRASIL;BRAZIL;620655-00;;Macaneiro Guilherme na03185;;;COCA;POE;En desarrollo - Con Fecha;S1937;;;;;;COCA
CO;DEA-PE;61;484000628R;VOLANT DIRECTION;;JOYSON SAFETY SYSTEMS BRASIL;BRAZIL;620655-00;;Guilherme MA큐NEIRO NA03185;;;COCA;POE;En desarrollo - Con Fecha;S1937;;;;;;COCA
CO-Mexico;DE-VD;62;679002390R;ABSORBANT ACOUSTIQUE TABLIER;;TREVES;BRAZIL;620696-00-QUATRO BARRAS;;Christian FERREIRA;;;COCA;POE;En desarrollo - Con Fecha;S1941;;;;;;COCA
CO;DE-VD;62;849505086R;GARNITURE LAT D COFFRE AR;;TREVES;BRAZIL;620696-00-QUATRO BARRAS;;Christian FERREIRA;;;COCA;POE;En desarrollo - Con Fecha;S1937;;;;;;COCA
CO;DE-VD;62;849514754R;GARNITURE LAT G COFFRE AR;;TREVES;BRAZIL;620696-00-QUATRO BARRAS;;Christian FERREIRA;;;COCA;POE;En desarrollo - Con Fecha;S1937;;;;;;COCA
CO;DE-VD;62;739409193R;POIGNEE MAINTIEN;;EURO AUTO PLASTIC SYSTEMS SR;ROMANIA;117807-00-MIOVENI-ROUMANIE;;Daniela BARABAS - AY32891;;;COCA;POE;Desarrollo Terminado;S1930;;;;;;COCA
CO;DE-VD;62;964002028R;PARE-SOLEIL D;;SUNVISOR BRASIL MONT. AUT. L;BRAZIL;418790-00-SAO JOSE DOS CAMPOS-BRESIL;;Robson Santos;;;COCA;POE;En desarrollo - Con Fecha;S1936;;;;;;COCA
CO;DE-VD;62;964012462R;PARE-SOLEIL G;;SUNVISOR BRASIL MONT. AUT. L;BRAZIL;418790-00-SAO JOSE DOS CAMPOS-BRESIL;;Robson Santos;;;COCA;POE;En desarrollo - Con Fecha;S1936;;;;;;COCA
CO;DE-VD;62;964017045R;PARE-SOLEIL G;;SUNVISOR BRASIL MONT. AUT. L;BRAZIL;418790-00-SAO JOSE DOS CAMPOS-BRESIL;;Robson Santos;;;COCA;POE;En desarrollo - Con Fecha;S1936;;;;;;COCA
CO;DE-VD;62;739102859R;GARNITURE PAVILLON;;INTERTRIM;BRAZIL;620609-01-CACAPAVA;;Ferreira Christian lb00697 // Medeiros Patricia lb00635;;;COCA;POE;En desarrollo - Con Fecha;S1936;;;;;;COCA
CO;DE-VD;62;739105089R;GARNITURE PAVILLON;;INTERTRIM;BRAZIL;620609-01-CACAPAVA;;Ferreira Christian lb00697 // Medeiros Patricia lb00635;;;COCA;POE;En desarrollo - Con Fecha;S1936;;;;;;COCA
CO;DE-VD;62;969805226R;CONSOLE PAVILLON TN;Piloto COCA;METAPLAST SRL;ROMANIA;232359-02-TITU-ROUMANIE;;Daniela BARABAS - AY32891;;;COCA;POE;Desarrollo Terminado;S1930;;;;;;COCA
CO;DE-VD;62;739102624R;GARNITURE PAVILLON;;INTERTRIM;BRAZIL;620609-01-CACAPAVA;;Ferreira Christian lb00697 // Medeiros Patricia lb00635;;;COCA;POE;En desarrollo - Con Fecha;S1936;;;;;;COCA
CO;DE-VD;62;802920414R;CACHE RETROVISEUR D;;SIMOLDES PLASTICOS DO BRASIL;BRAZIL;620679-00-SAO JOSE DOS PINHAIS;;Christian FERREIRA;;;COCA;POE;En desarrollo - Con Fecha;S1936;;;;;;COCA
CO;DE-VD;62;802925362R;CACHE RETROVISEUR D;;SIMOLDES PLASTICOS DO BRASIL;BRAZIL;620679-00-SAO JOSE DOS PINHAIS;;Christian FERREIRA;;;COCA;POE;En desarrollo - Con Fecha;S1936;;;;;;COCA
CO;DE-VD;62;802930383R;CACHE RETROVISEUR G;;SIMOLDES PLASTICOS DO BRASIL;BRAZIL;620679-00-SAO JOSE DOS PINHAIS;;Christian FERREIRA;;;COCA;POE;En desarrollo - Con Fecha;S1936;;;;;;COCA
CO;DE-VD;62;802931259R;CACHE RETROVISEUR G;;SIMOLDES PLASTICOS DO BRASIL;BRAZIL;620679-00-SAO JOSE DOS PINHAIS;;Christian FERREIRA;;;COCA;POE;En desarrollo - Con Fecha;S1936;;;;;;COCA
CO;DE-VD;62;963180164R;ENJOLIVEUR INT RETROVISEUR EXT D;;SIMOLDES PLASTICOS DO BRASIL;BRAZIL;620679-00-SAO JOSE DOS PINHAIS;;Christian FERREIRA;;;COCA;POE;En desarrollo - Con Fecha;S1936;;;;;;COCA
CO;DE-VD;62;963196497R;ENJOLIVEUR INT RETROVISEUR EXT G;;SIMOLDES PLASTICOS DO BRASIL;BRAZIL;620679-00-SAO JOSE DOS PINHAIS;;Christian FERREIRA;;;COCA;POE;En desarrollo - Con Fecha;S1936;;;;;;COCA
CO;DE-VD;62;849E48293R;ENJOLIVEUR SORTIE SANGLE D;;SIMOLDES PLASTICOS DO BRASIL;BRAZIL;620679-00-SAO JOSE DOS PINHAIS;;Christian FERREIRA;;;COCA;POE;En desarrollo - Con Fecha;S1936;;;;;;COCA
CO;DE-VD;62;849E56652R;ENJOLIVEUR SORTIE SANGLE G;;SIMOLDES PLASTICOS DO BRASIL;BRAZIL;620679-00-SAO JOSE DOS PINHAIS;;Christian FERREIRA;;;COCA;POE;En desarrollo - Con Fecha;S1936;;;;;;COCA
CO;DE-VD;62;769115976R;GARNITURE MONTANT BAIE D;;SIMOLDES PLASTICOS DO BRASIL;BRAZIL;620679-00-SAO JOSE DOS PINHAIS;;Christian FERREIRA;;;COCA;POE;En desarrollo - Con Fecha;S1936;;;;;;COCA
CO;DE-VD;62;769121432R;GARNITURE MONTANT BAIE G;;SIMOLDES PLASTICOS DO BRASIL;BRAZIL;620679-00-SAO JOSE DOS PINHAIS;;Christian FERREIRA;;;COCA;POE;En desarrollo - Con Fecha;S1936;;;;;;COCA
CO;DE-VD;62;769362610R;GARNITURE PIED AR INF D;;SIMOLDES PLASTICOS DO BRASIL;BRAZIL;620679-00-SAO JOSE DOS PINHAIS;;Christian FERREIRA;;;COCA;POE;En desarrollo - Con Fecha;S1936;;;;;;COCA
CO;DE-VD;62;769377743R;GARNITURE PIED AR INF G;;SIMOLDES PLASTICOS DO BRASIL;BRAZIL;620679-00-SAO JOSE DOS PINHAIS;;Christian FERREIRA;;;COCA;POE;En desarrollo - Con Fecha;S1936;;;;;;COCA
CO;DE-VD;62;769346765R;GARNITURE PIED AR SUP D;;SIMOLDES PLASTICOS DO BRASIL;BRAZIL;620679-00-SAO JOSE DOS PINHAIS;;Christian FERREIRA;;;COCA;POE;En desarrollo - Con Fecha;S1936;;;;;;COCA
CO;DE-VD;62;769359302R;GARNITURE PIED AR SUP G;;SIMOLDES PLASTICOS DO BRASIL;BRAZIL;620679-00-SAO JOSE DOS PINHAIS;;Christian FERREIRA;;;COCA;POE;En desarrollo - Con Fecha;S1936;;;;;;COCA
CO;DE-VD;62;769364393R;GARNITURE PIED EXTREME AR D;;SIMOLDES PLASTICOS DO BRASIL;BRAZIL;620679-00-SAO JOSE DOS PINHAIS;;Christian FERREIRA;;;COCA;POE;En desarrollo - Con Fecha;S1936;;;;;;COCA
CO;DE-VD;62;769370345R;GARNITURE PIED EXTREME AR G;;SIMOLDES PLASTICOS DO BRASIL;BRAZIL;620679-00-SAO JOSE DOS PINHAIS;;Christian FERREIRA;;;COCA;POE;En desarrollo - Con Fecha;S1936;;;;;;COCA
CO;DE-VD;62;769151408R;GARNITURE PIED MILIEU INF D;;SIMOLDES PLASTICOS DO BRASIL;BRAZIL;620679-00-SAO JOSE DOS PINHAIS;;Christian FERREIRA;;;COCA;POE;En desarrollo - Con Fecha;S1936;;;;;;COCA
CO;DE-VD;62;769166933R;GARNITURE PIED MILIEU INF G;;SIMOLDES PLASTICOS DO BRASIL;BRAZIL;620679-00-SAO JOSE DOS PINHAIS;;Christian FERREIRA;;;COCA;POE;En desarrollo - Con Fecha;S1936;;;;;;COCA
CO;DE-VD;62;769135803R;GARNITURE PIED MILIEU SUP D;;SIMOLDES PLASTICOS DO BRASIL;BRAZIL;620679-00-SAO JOSE DOS PINHAIS;;Christian FERREIRA;;;COCA;POE;En desarrollo - Con Fecha;S1936;;;;;;COCA
CO;DE-VD;62;769149350R;GARNITURE PIED MILIEU SUP G;;SIMOLDES PLASTICOS DO BRASIL;BRAZIL;620679-00-SAO JOSE DOS PINHAIS;;Christian FERREIRA;;;COCA;POE;En desarrollo - Con Fecha;S1936;;;;;;COCA
CO;DE-VD;62;909006477R;GARNITURE PORTE COFFRE;;SIMOLDES PLASTICOS DO BRASIL;BRAZIL;620679-00-SAO JOSE DOS PINHAIS;;Christian FERREIRA;;;COCA;POE;En desarrollo - Con Fecha;S1936;;;;;;COCA
CO;DE-VD;62;985P07857R;RAMPE SAC GONFLABLE LAT D 1ERE RNG;;SIMOLDES PLASTICOS DO BRASIL;BRAZIL;620679-00-SAO JOSE DOS PINHAIS;;Christian FERREIRA;;;COCA;POE;En desarrollo - Con Fecha;S1936;;;;;;COCA
CO;DE-VD;62;985P27684R;RAMPE SAC GONFLABLE LAT D TETE 2EME RNG;;SIMOLDES PLASTICOS DO BRASIL;BRAZIL;620679-00-SAO JOSE DOS PINHAIS;;Christian FERREIRA;;;COCA;POE;En desarrollo - Con Fecha;S1936;;;;;;COCA
CO;DE-VD;62;985P18630R;RAMPE SAC GONFLABLE LAT G 1ERE RNG;;SIMOLDES PLASTICOS DO BRASIL;BRAZIL;620679-00-SAO JOSE DOS PINHAIS;;Christian FERREIRA;;;COCA;POE;En desarrollo - Con Fecha;S1936;;;;;;COCA
CO;DE-VD;62;985P33421R;RAMPE SAC GONFLABLE LAT G TETE 2EME RNG;;SIMOLDES PLASTICOS DO BRASIL;BRAZIL;620679-00-SAO JOSE DOS PINHAIS;;Christian FERREIRA;;;COCA;POE;En desarrollo - Con Fecha;S1936;;;;;;COCA
CO;DE-VD;62;679002227R;ISOLANT TABLIER;;TREVES;BRAZIL;620696-00-QUATRO BARRAS;;Christian FERREIRA;;;COCA;POE;En desarrollo - Con Fecha;S1936;;;;;;COCA
CO-Mexico;DEA-PE;73;214987404R;CONVERGENT LAT D;;ROCHLING AUTOMOTIVE DO BRASI;BRAZIL;417232-00-ITUPEVA-BRESIL;;Pereira Igor lb14471;;;COCA;POE;En desarrollo - Con Fecha;S1949;;;;;;COCA
CO-Mexico;DEA-PE;73;214991025R;CONVERGENT LAT G;;ROCHLING AUTOMOTIVE DO BRASI;BRAZIL;417232-00-ITUPEVA-BRESIL;;Pereira Igor lb14471;;;COCA;POE;En desarrollo - Con Fecha;S1949;;;;;;COCA
CO-Mexico;DEA-PE;73;921207458R;GROUPE MOTOVENTILATEUR RFRT MOTEUR;;GATES DO BRASIL LTDA.;BRAZIL;620594-02-ARUJA-BRESIL;;Paola GUGELMIN  - LB14494;;;COCA;POE;En desarrollo - Con Fecha;S1948;;;;;;COCA
CO-Mexico;DEA-PE;73;215590466R;GUIDE AIR G;;ROCHLING AUTOMOTIVE DO BRASI;BRAZIL;417232-00-ITUPEVA-BRESIL;;Igor Pereira;;;COCA;POE;En desarrollo - Con Fecha;S1949;;;;;;COCA
CO-Mexico;DEA-PE;73;215593208R;GUIDE AIR G;;ROCHLING AUTOMOTIVE DO BRASI;BRAZIL;417232-00-ITUPEVA-BRESIL;;Igor Pereira;;;COCA;POE;En desarrollo - Con Fecha;S1949;;;;;;COCA
CO-Mexico;DEA-PE;73;215595364R;GUIDE AIR G;;ROCHLING AUTOMOTIVE DO BRASI;BRAZIL;417232-00-ITUPEVA-BRESIL;;Igor Pereira;;;COCA;POE;En desarrollo - Con Fecha;S1949;;;;;;COCA
CO-Mexico;DEA-PE;73;215597280R;GUIDE AIR G;;METAPLAST SRL;ROMANIA;232359-02-TITU-ROUMANIE;;TACU Florin ;;;COCA;POE;En desarrollo - Con Fecha;S1948;;;;;;COCA
CO-Mexico;DEA-PE;73;144967953R;REFROIDISSEUR AIR SURALIMENTATION;;CALSONIC KANSEI ROMANIA SRL;ROMANIA;259584-02-PLOIESTI-ROUMANIE;;Florentina-Diana COSTACHE;;;COCA;POE;En desarrollo - Con Fecha;S1948;;;;;;COCA
CO;DEA-PE;73;215597989R;GUIDE AIR G;;ROCHLING AUTOMOTIVE DO BRASI;BRAZIL;417232-00-ITUPEVA-BRESIL;;Pedro Dornelas;;;COCA;POE;En desarrollo - Con Fecha;S2002;;;;;;COCA
CO;DEA-PE;73;214819715R;GROUPE MOTOVENTILATEUR;;GATES DO BRASIL LTDA.;BRAZIL;620594-02-ARUJA-BRESIL;;Paola GUGELMIN  - LB14494;;;COCA;POE;En desarrollo - Con Fecha;S1948;;;;;;COCA
CO;DEA-PE;73;215594568R;GUIDE AIR G;;METAPLAST SRL;ROMANIA;232359-02-TITU-ROUMANIE;;Iulian NICUT;;;COCA;POE;Desarrollo Terminado;S1933;;;;;;COCA
CO;DEA-PE;73;497301561R;PATTE FIX;;SC SILDVB COM SA;ROMANIA;611877-00-BEREVOESTI;;Ionel CIOBANU;;;COCA;POE;En desarrollo - Con Fecha;S2005;;;;;;COCA
CO;DEA-SC;74;180105057R;CAPTEUR PEDALE ACCELERATEUR DAG;;CTS AUTOMOTIVE PRODUCTS;MEXICO;298198-01-MATAMOROS-MEXIQUE;;Georges DALFARAT - A180924 ;;;COCA;POE;En Desarrollo - Sin Fecha;;;;;;;COCA
CO;DEA-SC;81;490014281R;DIRECTION MECANIQUE G;;JTEKT;BRAZIL;272349-00-SAO JOSE DOS PINHAIS;;Doris OLIVEIRA - LB07287;;;COCA;POE;En desarrollo - Con Fecha;S1936;;;;;;COCA
CO;DEA-SC;81;488104709R;COLONNE ASSISTANCE ELECTRIQUE G;;THYSSENKRUPP PRESTA AG;BRAZIL;291696-00;;Doris OLIVEIRA - LB07287;;;COCA;POE;En desarrollo - Con Fecha;S1936;;;;;;COCA
CO;DEA-SC;83;476602738R;BLOC HYDRAULIQUE ABS ESP;;ROBERT BOSCH FRANCE SAS;FRANCE;004872-16-YZEURE;;Joy DYPRE -  A008528;;;COCA;POE;Sin Demarche de origen - Sin informacion;;;;;;;COCA
CO;DEA-SC;83;474015077R;TUYAU ASSISTANCE FREINAGE;;AKWEL TIMISOARA ROMANIA S.R.;ROMANIA;249357-01- GHIRODA TIMIS;;Marcel Ionut SINDILARU;;;COCA;POE;En desarrollo - Con Fecha;S1948;;;;;;COCA
CO;DEA-SC;85;540101989R;RESSORT SUSPENSION AV;;ALLEVARD MOLAS DO BRASIL LTD;BRAZIL;620544-00-SAO PAULO/MOGI MIRIM;;0;;;COCA;POE;En desarrollo - Con Fecha;S1937;;;;;;COCA
CO;DEA-SC;85;540104563R;RESSORT SUSPENSION AV;;ALLEVARD MOLAS DO BRASIL LTD;BRAZIL;620544-00-SAO PAULO/MOGI MIRIM;;0;;;COCA;POE;En desarrollo - Con Fecha;S1937;;;;;;COCA
CO;DEA-SC;85;540106883R;RESSORT SUSPENSION AV;;ALLEVARD MOLAS DO BRASIL LTD;BRAZIL;620544-00-SAO PAULO/MOGI MIRIM;;0;;;COCA;POE;En desarrollo - Con Fecha;S1937;;;;;;COCA
CO;DEA-SC;85;550208188R;RESSORT SUSPENSION AR;;MUBEA;BRAZIL;620646-00-TAUBATE;;Doris OLIVEIRA - LB07287;;;COCA;POE;En desarrollo - Con Fecha;S1937;;;;;;COCA
CO;DEA-SC;85;550209494R;RESSORT SUSPENSION AR;;MUBEA;BRAZIL;620646-00-TAUBATE;;Doris OLIVEIRA - LB07287;;;COCA;POE;En desarrollo - Con Fecha;S1937;;;;;;COCA
CO;DEA-SC;85;562103708R;AMORTISSEUR AR;;TENNECO AUTOMOTIVE;BRAZIL;261330-00-MOGI MIRIM;;Doris OLIVEIRA - LB07287;;;COCA;POE;En desarrollo - Con Fecha;S1936;;;;;;COCA
CO;DEA-SC;85;543024557R;AMORTISSEUR AV;;TENNECO AUTOMOTIVE;BRAZIL;261330-00-MOGI MIRIM;;Oliveira Doris lb07287;;;COCA;POE;En desarrollo - Con Fecha;S1936;;;;;;COCA
CO;DEA-SI;91;240364368R;CABLAGE MULTIMEDIA;Pilotada COCA;ASK DO BRASIL LTDA;BRAZIL;407746-00-SETE LAGOAS;;DE-SOUSA Raphael;;;COCA;POE;En desarrollo - Con Fecha;S1937;;;;;;COCA
CO;DEA-SI;91;282430876R;COAXIAL ANTENNE RADIO;Piloto COCA;ASK DO BRASIL LTDA;BRAZIL;407746-00-SETE LAGOAS;;DE-SOUSA Raphael;;;COCA;POE;En desarrollo - Con Fecha;S1937;;;;;;COCA
CO;DEA-SI;91;282435894R;COAXIAL ANTENNE RADIO;Pilotada COCA;ASK DO BRASIL LTDA;BRAZIL;407746-00-SETE LAGOAS;;DE-SOUSA Raphael;;;COCA;POE;En desarrollo - Con Fecha;S1937;;;;;;COCA
CO;DEA-SI;91;284B16233R;CALCULATEUR UNITE CTL HABITACLE;;CONTINENTAL AUTOMOTIVE CZECH REPUB;CZECH REPUBLIC;028094-06-FRENSTAT POD RADHOSTEM ;;0;;;COCA;POE;En desarrollo - Con Fecha;S1942;;;;;;COCA
CO;DEA-SI;91;284B12437R;CALCULATEUR UNITE CTL HABITACLE;;CONTINENTAL AUTOMOTIVE CZECH REPUB;CZECH REPUBLIC;028094-06-FRENSTAT POD RADHOSTEM ;;0;;;COCA;POE;En desarrollo - Con Fecha;S1942;;;;;;COCA
CO;DEA-SI;92;231765583R;PROTECTEUR ALTERNATEUR;;STEEP PLASTIQUE SARL;FRANCE;059152-00-ST MAURICE DE BEYNOST;;Palfrey James a006422;;;COCA;POE;En desarrollo - Con Fecha;S1935;;;;;;COCA
CO;DEA-SA;94;284385394R;CAPTEUR SURVEILLANCE ANGLE MORT;;ROBERT BOSCH GMBH;SPAIN;020963-10-MADRID;;Nouredine NACIRI - A018445;M. Pineda;;COCA;POE;Desarrollo Terminado;S1930;;;;;;COCA
CO;DEA-SM;95;259152657R;RECEPTEUR RADIO NAVIGATION;;ROBERT BOSCH GMBH;MALASYA;020963-15-PENANG;;Melanie Leroux;;;COCA;POE;En desarrollo - Con Fecha;S2002;;;;;;COCA
CO;DEA-SM;95;248107822R;TABLEAU BORD;;CONTINENTAL BRASIL IND. AUTO;BRAZIL;620711-00-GUARULHOS-BRESIL;;Bruna RODRIGUES - LB13172;;;COCA;POE;En desarrollo - Con Fecha;S1937;;;;;;COCA
CO;DEA-SM;95;248108062R;TABLEAU BORD;;CONTINENTAL BRASIL IND. AUTO;BRAZIL;620711-00-GUARULHOS-BRESIL;;Bruna RODRIGUES - LB13172;;;COCA;POE;En desarrollo - Con Fecha;S1937;;;;;;COCA
CO;DEA-PE;54;255678621R;COMMANDE SOUS VOLANT;;KOSTAL;BULGARIE;416189-00-PAZARDZHIK-BULGARIE;;Ismail NBOU - A005120;;;COCA;POE;Desarrollo Terminado;S1927;;;;;;COCA
CO;DEA-SI;91;284Y66LA1D;CONT UNIT-GATEWAY,MULTI;;ROBERT BOSCH LLC;MEXICO;295602-08-AGUASCALIENTES-MEXIQUE;;0;;;COCA;POE;Desarrollo Terminado;S1936;;;;;;COCA
CO;DE-VD;51;684703746R;OBTURATEUR COMMANDE SATELLITE;;BELLS;BRAZIL;271460-00-COLOMBO;;Ferreira Christian lb00697;;;COCA;POE;En desarrollo - Con Fecha;S1936;;;;;;COCA
CO;DE-VD;51;684701047R;OBTURATEUR COMMANDE SATELLITE;;BELLS;BRAZIL;271460-00-COLOMBO;;Ferreira Christian lb00697;;;COCA;POE;En desarrollo - Con Fecha;S1936;;;;;;COCA
CO;DE-VB;13;8200599553;ARTICULATION SUP PORTE LAT;;EDSCHA DO BRASIL LTDA.;BRAZIL;261851-00-SOROCABA;;Macioski Mauricio lb03139;;;COCA;POE;En Desarrollo - Sin Fecha;;;;;;;COCA
CO;DE-VB;13;8200599554;ARTICULATION INF PORTE LAT;;EDSCHA DO BRASIL LTDA.;BRAZIL;261851-00-SOROCABA;;Macioski Mauricio lb03139;;;COCA;POE;En Desarrollo - Sin Fecha;;;;;;;COCA
CO;DEA-MM;M4;144989928R;TUYAU EAU SORTIE TURBOCOMPRESSEUR;;SUMIRIKO ITALY S P A;ITALY;236323-00-CHIVASSO;;Charles-Emmanuel FISCH (Sumiriko Italy);;;COCA;POE;En desarrollo - Con Fecha;S1950;;;;;;COCA
CO;DEA-SC;71;207162638R;SUPPORT INF AV SUR ECHAPPEMENT;;EBERSPAECHER TECN. DE EXHAUS;BRAZIL;277356-00-SOROCABA-BRESIL;;Doris OLIVEIRA - LB07287;;;COCA;POE;Desarrollo Terminado;S1933;;;;;;COCA
CO;DEA-MM;M5;208179270R;BEQUILLE POT CATALYTIQUE PRIMAIRE;;VERON INTERNATIONAL SAS.;FRANCE;220402-00-GISORS;;0;;;COCA;POE;En desarrollo - Con Fecha;S1951;;;;;;COCA
CO;DEA-MM;M9;244560710R;SUPPORT CALCULATEUR BV ASS;;TEFAS KIMYAS VE SERA KAPL SA;TURKEY;111306-01-GEBZE - KOCAELI;;Philippe BLANQUET - A029754;;;COCA;POE;En desarrollo - Con Fecha;S1936;;;;;;COCA
CO;DE-VB;12;752105904R;TRAVERSE EXTREME AV;;GESTAMP PARANA S.A;BRAZIL;276491-00-TAUBATE;;Manoela Reis;;;COCA;POE;En desarrollo - Con Fecha;S1936;;;;;;COCA
CO;DEA-SC;85;550204604R;RESSORT SUSPENSION AR;;ALLEVARD MOLAS DO BRASIL LTD;BRAZIL;620544-00-SAO PAULO/MOGI MIRIM;;0;;;COCA;POE;En desarrollo - Con Fecha;S1937;;;;;;COCA
CO;DEA-SA;94;253A40820R;CAPTEUR AIDE STATIONNEMENT RADIAL;;VALEO INTERIOR CONTROLS SHEN;CHINA;265287-01-SHENZHEN;;Nouredine NACIRI A018445;;;COCA;POE;Desarrollo Terminado;S1933;;;;;;COCA
CO;DEA-MM;M3;144501398R;PROTECTEUR 3 THERMIQUE TURBOCOMPRESSEUR;;ELRINGKLINGER TR OTO.SAN.TIC.A.S.;TURKEY;275057-01;;0;;;COCA;POE;Desarrollo Terminado;S1936;;;;;;COCA
CO;DE-VB;12;671A06064R;RENFORT CTL CLOISON CHAUFFAGE ASS;;TRANSTECHNOLOGY BRASIL IND E;BRAZIL;237937-00-DIADEMA;;Manoela Reis;;;COCA;POE;En desarrollo - Con Fecha;S1937;;;;;;COCA
CO;DEA-MM;M9;237105616S;BOITIER ELCQ PROGRAMME CONTROLE MOTEUR;; CONTINENTAL AUTOMOTIVE FRANCE SAS;FRANCE;0064874-05-FOIX;;0;;;COCA;POE;Sin Demarche de origen - Sin informacion;;;;;;;COCA
CO;DEA-SM;95;281157321R;AUTORADIO;;HUMAX;SOUTH KOREA;269779-02;;0;;;COCA;POE;Desarrollo Terminado;S1929;;;;;;COCA
CO;DEA-PE;54;254113909R;INTERRUPTEUR DOUBLE LVE;;KOSTAL UKRAINA TOV;CZECH REPUBLIC;416465-00-PEREY;;0;;;COCA;POE;En desarrollo - Con Fecha;S1936;;;;;;COCA
CO;DEA-PE;54;254116447R;INTERRUPTEUR DOUBLE LVE;;KOSTAL UKRAINA TOV;CZECH REPUBLIC;416465-00-PEREY;;0;;;COCA;POE;En desarrollo - Con Fecha;S1936;;;;;;COCA
CO;DEA-PE;54;254219443R;INTERRUPTEUR LEVE-VITRE IMPULSIONNEL;;KOSTAL UKRAINA TOV;CZECH REPUBLIC;416465-00-PEREY;;0;;;COCA;POE;En desarrollo - Con Fecha;S1936;;;;;;COCA
CO;DE-VB;12;751B93087R;RENFORT AR G SUR CAISSE SSP GMP;;TZTO OAO;RUSSIA;;;0;;;COCA;POE;Sin Demarche de origen - Sin informacion;;;;;;;COCA
CO;DE-VB;12;671546435R;RENFORT FIX PEDALIER P-ASS;;GESTAMP PARANA S.A;BRAZIL;276491-00-TAUBATE;;Manoela Reis;;;COCA;POE;En desarrollo - Con Fecha;S1936;;;;;;COCA
CO;DEA-MM;M9;310322121R;BOITIER ELCQ PROGRAMME CTR TRSM AUTO;;JATCO LTD;SOUTH KOREA;;;0;;;COCA;POE;En desarrollo - Con Fecha;S1949;;;;;;COCA
CO;DEA-SC;83;8201730071;PATTE SUPPORT AGRAFE;;MOONLIGHT TOOLS PVT LTD;INDIA;247132-02-SRIPERUMBUDUR KANCHIPURAM-INDE;;0;;;COCA;POE;En desarrollo - Con Fecha;S1937;;;;;;COCA
CO;DE-VD;62;277201834R;CAPTEUR TEMPERATURE HABITACLE;;METAPLAST SRL;ROMANIA;232359-02-TITU;;0;;;COCA;POE;Desarrollo Terminado;S1930;;;;;;COCA
CO;DEA-SI;91;758A63829R;OBTURATEUR CABLAGE;;ELJ AUTOMOTIVE SA;ROMANIA;264478-00-TITU;;0;;;COCA;POE;Desarrollo Terminado;S1936;;;;;;COCA
CO;DE-VB;11;764427806R;ELEMENT FRMT BAVOLET AR D ASS;;UAS CURITIBA;BRAZIL;CURITIBA;;;;;COCA;POE;En desarrollo - Con Fecha;S1942;;;;;;COCA
CO;DE-VD;62;849506824R;GARNITURE LAT D COFFRE AR;;TREVES;BRAZIL;620696-00-QUATRO BARRAS;;0;;;COCA;POE;;;;;;;;COCA
CO;DE-VD;62;849519282R;GARNITURE LAT G COFFRE AR;;TREVES;BRAZIL;620696-00-QUATRO BARRAS;;0;;;COCA;POE;;;;;;;;COCA
CO;DEA-SA;94;284388805R;CAPTEUR SURVEILLANCE ANGLE MORT;Piloto;ROBERT BOSCH GMBH;SPAIN;020963-10-MADRID;Florea Simona-Ioana;Nouredine NACIRI - A018445;M. Pineda;;COCA;POE;;;;;;;;COCA
CO;DEA-SC;88;432002033R;MOYEU-TAMBOUR AR ASS;;GABRIEL;COLOMBIA;;;0;;;COCA;POE;;;;;;;;COCA
CO;DE-VD;63;877005754R;ACCOUDOIR SIEGE AV;;MARTUR;ROMANIA;;;0;B. Couture;;COCA;POE;;;;;;;;COCA
CO;DE-VD;63;877B05650R;MCNS ACCOUDOIR INT SIEGE G 1ERE RNG;;MARTUR;ROMANIA;;;0;B. Couture;;COCA;POE;;;;;;;;COCA
CO;DE-VB;11;760326147R;COTE CAISSE D PARTIE AR;Piloto COCA;UAS CURITIBA;BRAZIL;CURITIBA;;0;;;COCA;POI;En desarrollo - Con Fecha;S1942;;;;;;POI
CO;DE-VB;11;760332615R;COTE CAISSE G PARTIE AR;Pilotada COCA;UAS CURITIBA;BRAZIL;CURITIBA;;0;;;COCA;POI;En desarrollo - Con Fecha;S1942;;;;;;POI
CO;DE-VB;11;766325237R;DOUBLURE CUSTODE D;Pilotada COCA;UAS CURITIBA;BRAZIL;CURITIBA;;0;;;COCA;POI;En desarrollo - Con Fecha;S1942;;;;;;POI
CO;DE-VB;11;766332584R;DOUBLURE CUSTODE G;Pilotada COCA;UAS CURITIBA;BRAZIL;CURITIBA;;0;;;COCA;POI;En desarrollo - Con Fecha;S1942;;;;;;POI
CO;DE-VB;11;762303467R;DOUBLURE MONTANT BAIE D;Pilotada COCA;UAS CURITIBA;BRAZIL;CURITIBA;;0;;;COCA;POI;En desarrollo - Con Fecha;S1942;;;;;;POI
CO;DE-VB;11;762317394R;DOUBLURE MONTANT BAIE G;Pilotada COCA;UAS CURITIBA;BRAZIL;CURITIBA;;0;;;COCA;POI;En desarrollo - Con Fecha;S1942;;;;;;POI
CO;DE-VB;11;731126899R;PAVILLON;Pilotada COCA;UAS CURITIBA;BRAZIL;CURITIBA;;0;;;COCA;POI;En desarrollo - Con Fecha;S1942;;;;;;POI
CO;DE-VB;11;765811733R;RENFORT ANCRAGE RNV C/S G 1ERE RNG;;UAS CURITIBA;BRAZIL;CURITIBA;;0;;;COCA;POI;En desarrollo - Con Fecha;S1942;;;;;;POI
CO;DE-VB;11;762498281R;RENFORT PIED AV G;Pilotada COCA;UAS CURITIBA;BRAZIL;CURITIBA;;0;;;COCA;POI;En desarrollo - Con Fecha;S1942;;;;;;POI
CO;DE-VB;11;732337203R;TRAVERSE AR PAVILLON;;UAS CURITIBA;BRAZIL;CURITIBA;;;;;COCA;POI;En desarrollo - Con Fecha;S1942;;;;;;POI
CO;DE-VB;11;775792350R;RENFORT SUP AR COTE CAISSE G;;UAS CURITIBA;BRAZIL;CURITIBA;;;;;COCA;POI;En desarrollo - Con Fecha;S1942;;;;;;POI
CO;DE-VB;12;663001447R;CLOISON CHAUFFAGE;Piloto COCA;UAS CURITIBA;BRAZIL;CURITIBA;;0;;;COCA;POI;En desarrollo - Con Fecha;S1942;;;;;;POI
CO;DE-VB;12;764405638R;ELEMENT FRMT BAVOLET AV D;;UAS CURITIBA;BRAZIL;CURITIBA;;;;;COCA;POI;En desarrollo - Con Fecha;S1942;;;;;;POI
CO;DE-VB;12;764419526R;ELEMENT FRMT BAVOLET AV G;;UAS CURITIBA;BRAZIL;CURITIBA;;;;;COCA;POI;En desarrollo - Con Fecha;S1942;;;;;;POI
CO;DE-VB;12;641208943R;PASSAGE ROUE AV D;;UAS CURITIBA;BRAZIL;CURITIBA;;;;;COCA;POI;Sin Demarche de origen - Sin informacion;;;;;;;POI
CO;DE-VB;12;762182079R;RENFORT PIED AV D;;UAS CURITIBA;BRAZIL;CURITIBA;;0;;;COCA;POI;En desarrollo - Con Fecha;S1942;;;;;;POI
CO;DE-VB;12;743702437R;RENFORT TUNNEL;;UAS CURITIBA;BRAZIL;CURITIBA;;0;;;COCA;POI;En desarrollo - Con Fecha;S1942;;;;;;POI
CO;DE-VB;12;670009634R;TABLIER;;UAS CURITIBA;BRAZIL;CURITIBA;;0;;;COCA;POI;Sin Demarche de origen - Sin informacion;;;;;;;POI
CO;DE-VB;12;751829358R;RENFORT LONGERON CTL;;UAS CURITIBA;BRAZIL;CURITIBA;;0;;;COCA;POI;En desarrollo - Con Fecha;S1942;;;;;;POI
CO;DE-VB;12;751D14163R;SUPPORT D SUSPENSION GMP;;UAS CURITIBA;BRAZIL;CURITIBA;;;;;COCA;POI;En desarrollo - Con Fecha;S1942;;;;;;POI
CO;DE-VB;12;764500269R;ELEMENT FRMT BAVOLET AR D;;UAS CURITIBA;BRAZIL;CURITIBA;;;;;COCA;POI;En desarrollo - Con Fecha;S1942;;;;;;POI
CO;DE-VB;12;764516629R;ELEMENT FRMT BAVOLET AR G;;UAS CURITIBA;BRAZIL;CURITIBA;;;;;COCA;POI;En desarrollo - Con Fecha;S1942;;;;;;POI
CO;DE-VB;12;751114826R;LONGERON AV G PARTIE AV;;UAS CURITIBA;BRAZIL;CURITIBA;;;;;COCA;POI;En desarrollo - Con Fecha;S1942;;;;;;POI
CO;DE-VB;12;762432908R;PARTIE AV DOUBLURE PIED AV G;;UAS CURITIBA;BRAZIL;CURITIBA;;;;;COCA;POI;En desarrollo - Con Fecha;S1942;;;;;;POI
CO;DE-VB;12;743545115R;RENFORT MECANISME FREIN STATIONNEMENT;;UAS CURITIBA;BRAZIL;CURITIBA;;Medeiros Patricia lb00635;;;COCA;POI;En desarrollo - Con Fecha;S1942;;;;;;POI
CO;DE-VB;13;631006111R;AILE AV D;Piloto COCA;UAS CURITIBA;BRAZIL;CURITIBA;;0;;;COCA;POI;En desarrollo - Con Fecha;S1942;;;;;;POI
CO;DE-VB;13;631017403R;AILE AV G;Pilotada COCA;UAS CURITIBA;BRAZIL;CURITIBA;;0;;;COCA;POI;En desarrollo - Con Fecha;S1942;;;;;;POI
CO;DE-VB;13;821121629R;CAISSON PORTE AR D;Pilotada COCA;UAS CURITIBA;BRAZIL;CURITIBA;;0;;;COCA;POI;En desarrollo - Con Fecha;S1942;;;;;;POI
CO;DE-VB;13;821136252R;CAISSON PORTE AR G;Pilotada COCA;UAS CURITIBA;BRAZIL;CURITIBA;;0;;;COCA;POI;En desarrollo - Con Fecha;S1942;;;;;;POI
CO;DE-VB;13;801109157R;CAISSON PORTE AV D;Pilotada COCA;UAS CURITIBA;BRAZIL;CURITIBA;;0;;;COCA;POI;En desarrollo - Con Fecha;S1942;;;;;;POI
CO;DE-VB;13;801113684R;CAISSON PORTE AV G;Pilotada COCA;UAS CURITIBA;BRAZIL;CURITIBA;;0;;;COCA;POI;En desarrollo - Con Fecha;S1942;;;;;;POI
CO;DE-VB;13;901222287R;CAISSON PORTE COFFRE;Pilotada COCA;UAS CURITIBA;BRAZIL;CURITIBA;;0;;;COCA;POI;En desarrollo - Con Fecha;S1942;;;;;;POI
CO;DE-VB;13;651229106R;DOUBLURE CAPOT AV;Pilotada COCA;UAS CURITIBA;BRAZIL;CURITIBA;;0;;;COCA;POI;En desarrollo - Con Fecha;S1942;;;;;;POI
CO;DE-VB;13;651120409R;PANNEAU EXT CAPOT AV;Pilotada COCA;UAS CURITIBA;BRAZIL;CURITIBA;;0;;;COCA;POI;En desarrollo - Con Fecha;S1942;;;;;;POI
CO;DE-VB;13;901522459R;PANNEAU EXT INF PORTE COFFRE;Pilotada COCA;UAS CURITIBA;BRAZIL;CURITIBA;;0;;;COCA;POI;En desarrollo - Con Fecha;S1942;;;;;;POI
CO;DE-VB;13;901002688R;PANNEAU EXT LAT D PORTE COFFRE;Pilotada COCA;UAS CURITIBA;BRAZIL;CURITIBA;;0;;;COCA;POI;En desarrollo - Con Fecha;S1942;;;;;;POI
CO;DE-VB;13;901506790R;PANNEAU EXT LAT G PORTE COFFRE;Pilotada COCA;UAS CURITIBA;BRAZIL;CURITIBA;;0;;;COCA;POI;En desarrollo - Con Fecha;S1942;;;;;;POI
CO;DE-VB;13;821520124R;PANNEAU EXT PORTE AR D;Pilotada COCA;UAS CURITIBA;BRAZIL;CURITIBA;;0;;;COCA;POI;En desarrollo - Con Fecha;S1942;;;;;;POI
CO;DE-VB;13;821538382R;PANNEAU EXT PORTE AR G;Pilotada COCA;UAS CURITIBA;BRAZIL;CURITIBA;;0;;;COCA;POI;En desarrollo - Con Fecha;S1942;;;;;;POI
CO;DE-VB;13;901526435R;PANNEAU EXT SUP PORTE COFFRE;Pilotada COCA;UAS CURITIBA;BRAZIL;CURITIBA;;0;;;COCA;POI;En desarrollo - Con Fecha;S1942;;;;;;POI
CO;DE-VB;12;752624267R;TRAVERSE LAT AV D;;UAS CURITIBA;BRAZIL;CURITIBA;;0;;;COCA;POI;Sin Demarche de origen - Sin informacion;;;;;;;POI
CO;DE-VB;12;752638851R;TRAVERSE LAT AV G;;UAS CURITIBA;BRAZIL;CURITIBA;;0;;;COCA;POI;Sin Demarche de origen - Sin informacion;;;;;;;POI
CO;DE-VB;12;751002064R;LONGERON AV D PARTIE AV;;UAS CURITIBA;BRAZIL;CURITIBA;;;;;COCA;POI;En desarrollo - Con Fecha;S1942;;;;;;POI
CO;DE-VB;12;743546454R;RENFORT FREIN STATIONNEMENT ASS;;UAS CURITIBA;BRAZIL;CURITIBA;;0;;;COCA;POI;En desarrollo - Con Fecha;S1942;;;;;;POI
CO;DEA-MM;M8;100010206R;MOT ASS H4M 759;;UMC CURITIBA;BRAZIL;CURITIBA;;0;;;COCA;POI;En desarrollo - Con Fecha;S1942;;;;;;POI
CO;DEA-MM;M8;100013949R;MOT ASS H4M 759;;UMC CURITIBA;BRAZIL;CURITIBA;;daniele travesa, viktor moleta ;;;COCA;POI;En desarrollo - Con Fecha;S1942;;;;;;POI
CO;DEA-MM;B1;320100051R;BVM ASS JR5 092;;CORMECANICA CMC CHILI;CHILE;900095-00-CHILE;;0;;;COCA;POI;En desarrollo - Con Fecha;S1936;;;;;;POI
CO;DE-VB;12;674102666R;TRAVERSE INF BAIE;;UAS CURITIBA;BRAZIL;CURITIBA;;;;;COCA;POI;Sin Demarche de origen - Sin informacion;;;;;;;POI
CO;DE-VB;11;745C68489R;RENFORT FIX PANIER ROUE SECOURS;;UAS CURITIBA;BRAZIL;CURITIBA;;;;;COCA;POI;En desarrollo - Con Fecha;S1942;;;;;;POI
CO;DE-VB;13;801088840R;RENFORT CEINTURE PORTE AV D ASS;;UAS CURITIBA;BRAZIL;CURITIBA;;0;;;COCA;POI;En desarrollo - Con Fecha;S1942;;;;;;POI
CO;DE-VB;12;751119266R;LONGERON AV G ASS;;OAO AUTOVAZ;RUSSIA;900300-00;;0;;;COCA;POI;Sin Demarche de origen - Sin informacion;;;;;;;POI
CO;DE-VB;11;765807518R;RENFORT ANCRAGE RNV C/S D 1ERE RNG ASS;;UAS CURITIBA;BRAZIL;CURITIBA;;0;;;COCA;POI;En desarrollo - Con Fecha;S1942;;;;;;POI
CO;DE-VB;12;751330021R;ELEMENT FRMT AV LONGERON AV G ASS;;UAS CURITIBA;BRAZIL;CURITIBA;;;;;COCA;POI;En desarrollo - Con Fecha;S1942;;;;;;POI
CO;DE-VB;11;765721151R;RENFORT CHARNIERE INF PIED MILIEU D ASS;;DACIA MONTAGE;ROMANIA;900168-00-MIOVENI;;;;;COCA;POI;Sin Demarche de origen - Sin informacion;;;;;;;POI
Full;DE-VD;41;850707121R;ENJOLIVEUR BOUCLIER AR;Pilotada;RIDUCO;COLOMBIA;259453-00-CALDAS-MANIZALES;Arevalo Angela;0;J. Gomez;;IL;POE;;;;;;;;DL
Full;DE-VD;41;850707742R;ENJOLIVEUR BOUCLIER AR;Pilotada;RIDUCO;COLOMBIA;259453-00-CALDAS-MANIZALES;Arevalo Angela;0;J. Gomez;;IL;POE;;;;;;;;DL
Full;DE-VD;41;850702960R;ENJOLIVEUR BOUCLIER AR ASS;Pilotada;RIDUCO;COLOMBIA;259453-00-CALDAS-MANIZALES;Arevalo Angela;0;J. Gomez;;IL;POE;;;;;;;;DL
Full;DE-VD;41;850707940R;ENJOLIVEUR BOUCLIER AR ASS;Piloto;RIDUCO;COLOMBIA;259453-00-CALDAS-MANIZALES;Arevalo Angela;0;J. Gomez;;IL;POE;;;;;;;;DL
Full;DE-VD;41;620722234R;ENJOLIVEUR CTL BOUCLIER AV;Pilotada;RIDUCO;COLOMBIA;259453-00-CALDAS-MANIZALES;Arevalo Angela;0;J. Gomez;;IL;POE;;;;;;;;DL
Full;DE-VD;41;620729948R;ENJOLIVEUR CTL BOUCLIER AV;Pilotada;RIDUCO;COLOMBIA;259453-00-CALDAS-MANIZALES;Arevalo Angela;0;J. Gomez;;IL;POE;;;;;;;;DL
Full;DE-VD;41;620721423R;ENJOLIVEUR CTL BOUCLIER AV ASS;Piloto;RIDUCO;COLOMBIA;259453-00-CALDAS-MANIZALES;Arevalo Angela;0;J. Gomez;;IL;POE;;;;;;;;DL
Full;DE-VD;41;620725113R;ENJOLIVEUR CTL BOUCLIER AV ASS;Pilotada;RIDUCO;COLOMBIA;259453-00-CALDAS-MANIZALES;Arevalo Angela;0;J. Gomez;;IL;POE;;;;;;;;DL
Full;DE-VD;41;620848638R;ENJOLIVEUR INF BOUCLIER AV;Pilotada;RIDUCO;COLOMBIA;259453-00-CALDAS-MANIZALES;Arevalo Angela;0;J. Gomez;;IL;POE;;;;;;;;DL
Full;DE-VD;41;620848643R;ENJOLIVEUR INF BOUCLIER AV;Piloto;RIDUCO;COLOMBIA;259453-00-CALDAS-MANIZALES;Arevalo Angela;0;J. Gomez;;IL;POE;;;;;;;;DL
Full-Mexico;DE-VD;41;628102059R;GUIDE AIR SUP D BOUCLIER AV;Piloto;RIDUCO;COLOMBIA;259453-00-CALDAS-MANIZALES;Arevalo Angela;0;J. Gomez;;IL;POE;;;;;;;;DL
Full-Mexico;DE-VD;41;628119446R;GUIDE AIR SUP G BOUCLIER AV;Pilotada;RIDUCO;COLOMBIA;259453-00-CALDAS-MANIZALES;;0;J. Gomez;;IL;POE;;;;;;;;DL
Full;DE-VD;41;850222443R;PEAU BOUCLIER AR;Pilotada;RIDUCO;COLOMBIA;259453-00-CALDAS-MANIZALES;Arevalo Angela;0;J. Gomez;;IL;POE;;;;;;;;DL
Full;DE-VD;41;850224574R;PEAU BOUCLIER AR;Pilotada;RIDUCO;COLOMBIA;259453-00-CALDAS-MANIZALES;Arevalo Angela;0;J. Gomez;;IL;POE;;;;;;;;DL
Full;DE-VD;41;850229894R;PEAU BOUCLIER AR;Piloto;RIDUCO;COLOMBIA;259453-00-CALDAS-MANIZALES;Arevalo Angela;0;J. Gomez;;IL;POE;;;;;;;;DL
Full;DE-VD;41;850183579R;PEAU INF BOUCLIER AR;Piloto;RIDUCO;COLOMBIA;259453-00-CALDAS-MANIZALES;Arevalo Angela;0;J. Gomez;;IL;POE;;;;;;;;DL
Full;DE-VD;41;850186053R;PEAU INF BOUCLIER AR;Pilotada;RIDUCO;COLOMBIA;259453-00-CALDAS-MANIZALES;Arevalo Angela;0;J. Gomez;;IL;POE;;;;;;;;DL
Full;DE-VD;41;620267465R;PEAU INF D BOUCLIER AV;Piloto;RIDUCO;COLOMBIA;259453-00-CALDAS-MANIZALES;Arevalo Angela;0;J. Gomez;;IL;POE;;;;;;;;DL
Full;DE-VD;41;620271755R;PEAU INF G BOUCLIER AV;Pilotada;RIDUCO;COLOMBIA;259453-00-CALDAS-MANIZALES;Arevalo Angela;0;J. Gomez;;IL;POE;;;;;;;;DL
Full;DE-VD;41;620220458R;PEAU SUP BOUCLIER AV;Piloto;RIDUCO;COLOMBIA;259453-00-CALDAS-MANIZALES;Arevalo Angela;0;J. Gomez;;IL;POE;;;;;;;;DL
Full;DE-VD;41;620226001R;PEAU SUP BOUCLIER AV;Pilotada;RIDUCO;COLOMBIA;259453-00-CALDAS-MANIZALES;Arevalo Angela;0;J. Gomez;;IL;POE;;;;;;;;DL
Full;DE-VD;41;850440440R;SUPPORT AR D BOUCLIER AR;Piloto;RIDUCO;COLOMBIA;259453-00-CALDAS-MANIZALES;Arevalo Angela;0;J. Gomez;;IL;POE;;;;;;;;DL
Full;DE-VD;41;850451454R;SUPPORT AR G BOUCLIER AR;Pilotada;RIDUCO;COLOMBIA;259453-00-CALDAS-MANIZALES;Arevalo Angela;0;J. Gomez;;IL;POE;;;;;;;;DL
Full;DE-VD;41;622227789R;SUPPORT AV D BOUCLIER AV;Piloto;RIDUCO;COLOMBIA;259453-00-CALDAS-MANIZALES;Arevalo Angela;0;J. Gomez;;IL;POE;;;;;;;;DL
Full;DE-VD;41;622230689R;SUPPORT AV G BOUCLIER AV;Pilotada;RIDUCO;COLOMBIA;259453-00-CALDAS-MANIZALES;Arevalo Angela;0;J. Gomez;;IL;POE;;;;;;;;DL
Full;DE-VD;41;511651795R;TRAPPE ANNEAU REMORQUAGE AR;Pilotada;RIDUCO;COLOMBIA;259453-00-CALDAS-MANIZALES;Arevalo Angela;0;J. Gomez;;IL;POE;;;;;;;;DL
Full;DE-VD;41;511653364R;TRAPPE ANNEAU REMORQUAGE AR;Pilotada;RIDUCO;COLOMBIA;259453-00-CALDAS-MANIZALES;Arevalo Angela;0;J. Gomez;;IL;POE;;;;;;;;DL
Full;DE-VD;41;511802300R;TRAPPE D ANNEAU REMORQUAGE AV;Pilotada;RIDUCO;COLOMBIA;259453-00-CALDAS-MANIZALES;Arevalo Angela;0;J. Gomez;;IL;POE;;;;;;;;DL
Full;DE-VD;41;511802328R;TRAPPE D ANNEAU REMORQUAGE AV;Pilotada;RIDUCO;COLOMBIA;259453-00-CALDAS-MANIZALES;Arevalo Angela;0;J. Gomez;;IL;POE;;;;;;;;DL
Full;DE-VD;41;511813384R;TRAPPE G ANNEAU REMORQUAGE AV;Pilotada;RIDUCO;COLOMBIA;259453-00-CALDAS-MANIZALES;Arevalo Angela;0;J. Gomez;;IL;POE;;;;;;;;DL
Full;DE-VD;41;511814633R;TRAPPE G ANNEAU REMORQUAGE AV;Pilotada;RIDUCO;COLOMBIA;259453-00-CALDAS-MANIZALES;Arevalo Angela;0;J. Gomez;;IL;POE;;;;;;;;DL
Full;DE-VD;41;628201839R;GUIDE AIR INF CTL BOUCLIER AV;Piloto;TRUHER;COLOMBIA;263556-00-SABANETA;Arevalo Angela;0;M. Gonzalez;;IL;POE;;;;;;;;DL
Full;DE-VD;41;601986787R;OBTURATEUR GRL INF D ENT AIR BOUCLIER AV;Pilotada;TRUHER;COLOMBIA;263556-00-SABANETA;;0;M. Gonzalez;;IL;POE;;;;;;;;DL
Full;DE-VD;51;678705961R;TRAVERSE POSTE CONDUITE ASS;Piloto;INDUSTRIAS NORTECAUCANAS;COLOMBIA;250618-00-CALI;Arevalo Angela;0;B. Couture;;IL;POE;;;;;;;;DL
Full;DE-VD;51;681002224R;PLANCHE BORD ASS;Piloto;RIDUCO;COLOMBIA;259453-00-CALDAS-MANIZALES;Arevalo Angela;0;J. Gomez;;IL;POE;;;;;;;;DL
Full;DE-VD;51;681006545R;PLANCHE BORD ASS;Pilotada;RIDUCO;COLOMBIA;259453-00-CALDAS-MANIZALES;Arevalo Angela;0;J. Gomez;;IL;POE;;;;;;;;DL
Full;DE-VD;62;829000799R;GARNITURE PANNEAU PORTE AR D ASS;Piloto;RIDUCO;COLOMBIA;259453-00-CALDAS-MANIZALES;Uribe Pablo;0;J. Gomez;;IL;POE;;;;;;;;DL
Full;DE-VD;62;829011773R;GARNITURE PANNEAU PORTE AR G ASS;Pilotada;RIDUCO;COLOMBIA;259453-00-CALDAS-MANIZALES;Uribe Pablo;0;J. Gomez;;IL;POE;;;;;;;;DL
Full;DE-VD;62;809002405R;GARNITURE PANNEAU PORTE AV D ASS;Pilotada;RIDUCO;COLOMBIA;259453-00-CALDAS-MANIZALES;Uribe Pablo;0;J. Gomez;;IL;POE;;;;;;;;DL
Full;DE-VD;62;809003434R;GARNITURE PANNEAU PORTE AV D ASS;Piloto;RIDUCO;COLOMBIA;259453-00-CALDAS-MANIZALES;Uribe Pablo;0;J. Gomez;;IL;POE;;;;;;;;DL
Full;DE-VD;62;809008216R;GARNITURE PANNEAU PORTE AV D ASS;Pilotada;RIDUCO;COLOMBIA;259453-00-CALDAS-MANIZALES;Uribe Pablo;0;J. Gomez;;IL;POE;;;;;;;;DL
Full;DE-VD;62;809012464R;GARNITURE PANNEAU PORTE AV G ASS;Pilotada;RIDUCO;COLOMBIA;259453-00-CALDAS-MANIZALES;Uribe Pablo;0;J. Gomez;;IL;POE;;;;;;;;DL
Full;DE-VD;62;809013322R;GARNITURE PANNEAU PORTE AV G ASS;Pilotada;RIDUCO;COLOMBIA;259453-00-CALDAS-MANIZALES;Uribe Pablo;0;J. Gomez;;IL;POE;;;;;;;;DL
Full;DE-VD;62;809017903R;GARNITURE PANNEAU PORTE AV G ASS;Pilotada;RIDUCO;COLOMBIA;259453-00-CALDAS-MANIZALES;Uribe Pablo;0;J. Gomez;;IL;POE;;;;;;;;DL
Full;DE-VD;62;749027462R;TAPIS HABITACLE;Piloto;THERMOFORM;COLOMBIA;250615-00-BOGOTA;Uribe Pablo;0;M. Gonzalez;;IL;POE;;;;;;;;DL
Full;DE-VD;63;870051967R;COLLECTION MATELASSURE SIEGE;Piloto;ESPUMLATEX;COLOMBIA;250617-00-BOGOTA;Uribe Pablo;0;B. Couture;;IL;POE;;;;;;;;DL
Full;DE-VD;63;870054112R;COLLECTION MATELASSURE SIEGE;Pilotada;ESPUMLATEX;COLOMBIA;250617-00-BOGOTA;Uribe Pablo;0;B. Couture;;IL;POE;;;;;;;;DL
Full;DE-VD;63;870000477X;COLLECTION SIEGES ASS;Pilotada;INDUSTRIAS NORTECAUCANAS;COLOMBIA;250618-00-CALI;Uribe Pablo;0;B. Couture;;IL;POE;;;;;;;;DL
Full;DE-VD;63;870003337X;COLLECTION SIEGES ASS;Pilotada;INDUSTRIAS NORTECAUCANAS;COLOMBIA;250618-00-CALI;Uribe Pablo;0;B. Couture;;IL;POE;;;;;;;;DL
Full;DE-VD;63;870007249X;COLLECTION SIEGES ASS;Piloto;INDUSTRIAS NORTECAUCANAS;COLOMBIA;250618-00-CALI;Uribe Pablo;0;B. Couture;;IL;POE;;;;;;;;DL
Full;DE-VD;63;870007703X;COLLECTION SIEGES ASS;Pilotada;INDUSTRIAS NORTECAUCANAS;COLOMBIA;250618-00-CALI;Uribe Pablo;0;B. Couture;;IL;POE;;;;;;;;DL
Full;DEA-SC;71;200202672R;LIGNE ECHAPPEMENT;Pilotada;UMO;COLOMBIA;250648-00-MEDELLIN;Cock Diego-Juan;0;J. Laverde;;IL;POE;;;;;;;;DL
Full;DEA-SC;71;200203332R;LIGNE ECHAPPEMENT;Pilotada;UMO;COLOMBIA;250648-00-MEDELLIN;Cock Diego-Juan;0;J. Laverde;;IL;POE;;;;;;;;DL
Full;DEA-SC;71;200206420R;LIGNE ECHAPPEMENT;Pilotada;UMO;COLOMBIA;250648-00-MEDELLIN;Cock Diego-Juan;0;J. Laverde;;IL;POE;;;;;;;;DL
Full;DEA-SC;71;200208392R;LIGNE ECHAPPEMENT;Pilotada;UMO;COLOMBIA;250648-00-MEDELLIN;;0;J. Laverde;;IL;POE;;;;;;;;DL
Full;DEA-SC;71;200208950R;LIGNE ECHAPPEMENT;Piloto;UMO;COLOMBIA;250648-00-MEDELLIN;Cock Diego-Juan;0;J. Laverde;;IL;POE;;;;;;;;DL
Full;DEA-PE;73;924902892R;TUYAU COMPRESSEUR CONDENSEUR;Pilotada;FAACA;COLOMBIA;250609-00-MEDELLIN;Saldarriaga-Lopez Daniel;0;S. Calle;;IL;POE;;;;;;;;DL
Full;DEA-PE;73;924905242R;TUYAU COMPRESSEUR CONDENSEUR;Piloto;FAACA;COLOMBIA;250609-00-MEDELLIN;Saldarriaga-Lopez Daniel;0;S. Calle;;IL;POE;;;;;;;;DL
Full;DEA-PE;73;924908496R;TUYAU COMPRESSEUR CONDENSEUR;Pilotada;FAACA;COLOMBIA;250609-00-MEDELLIN;Saldarriaga-Lopez Daniel;0;S. Calle;;IL;POE;;;;;;;;DL
Full;DEA-PE;73;924402819R;TUYAU CONDENSEUR DETENDEUR;Pilotada;FAACA;COLOMBIA;250609-00-MEDELLIN;Saldarriaga-Lopez Daniel;0;S. Calle;;IL;POE;;;;;;;;DL
Full;DEA-PE;73;924406750R;TUYAU CONDENSEUR DETENDEUR;Piloto;FAACA;COLOMBIA;250609-00-MEDELLIN;Saldarriaga-Lopez Daniel;0;S. Calle;;IL;POE;;;;;;;;DL
Full;DEA-PE;73;924803361R;TUYAU DETENDEUR COMPRESSEUR;Pilotada;FAACA;COLOMBIA;250609-00-MEDELLIN;Saldarriaga-Lopez Daniel;0;S. Calle;;IL;POE;;;;;;;;DL
Full;DEA-PE;73;924803604R;TUYAU DETENDEUR COMPRESSEUR;Piloto;FAACA;COLOMBIA;250609-00-MEDELLIN;Saldarriaga-Lopez Daniel;0;S. Calle;;IL;POE;;;;;;;;DL
Full;DEA-PE;73;924808107R;TUYAU DETENDEUR COMPRESSEUR;Pilotada;FAACA;COLOMBIA;250609-00-MEDELLIN;Saldarriaga-Lopez Daniel;0;S. Calle;;IL;POE;;;;;;;;DL
Full;DEA-PB;76;164463166R;CANALISATION ABSORBEUR VAPEUR CRBT;Pilotada;BUNDY;COLOMBIA;250594-00-BOGOTA;;0;J. Laverde;;IL;POE;;;;;;;;DL
Full;DEA-PB;76;164468120R;CANALISATION ABSORBEUR VAPEUR CRBT;Pilotada;BUNDY;COLOMBIA;250594-00-BOGOTA;;0;J. Laverde;;IL;POE;;;;;;;;DL
Full;DEA-PB;76;164464012R;CANALISATION ALIMENTATION CARBURANT;Pilotada;BUNDY;COLOMBIA;250594-00-BOGOTA;;0;J. Laverde;;IL;POE;;;;;;;;DL
Full;DEA-PB;76;175062815R;CANALISATION ALIMENTATION CARBURANT;Pilotada;BUNDY;COLOMBIA;250594-00-BOGOTA;;0;J. Laverde;;IL;POE;;;;;;;;DL
Full;DEA-PB;76;175067342R;CANALISATION ALIMENTATION CARBURANT;Piloto;BUNDY;COLOMBIA;250594-00-BOGOTA;;0;J. Laverde;;IL;POE;;;;;;;;DL
Fase 4;DEA-PB;76;172022790R;RESERVOIR CARBURANT EQP;Pilotada;FANALCA;COLOMBIA;250620-00-MEDELLIN;Maria Camila Rojas;0;A. Montoya;;IL;POE;;;;;;;;DL
Full;DEA-SC;83;462827655R;TUYAU RIGIDE FREIN ABS CPR AR D;Pilotada;BUNDY;COLOMBIA;250594-00-BOGOTA;Urrego Lina-Maria;0;J. Laverde;;IL;POE;;;;;;;;DL
Full;DEA-SC;83;462836338R;TUYAU RIGIDE FREIN ABS CPR AR G;Pilotada;BUNDY;COLOMBIA;250594-00-BOGOTA;Urrego Lina-Maria;0;J. Laverde;;IL;POE;;;;;;;;DL
Full;DEA-SC;83;462404352R;TUYAU RIGIDE FREIN ABS ROUE AV D;Piloto;BUNDY;COLOMBIA;250594-00-BOGOTA;Urrego Lina-Maria;0;J. Laverde;;IL;POE;;;;;;;;DL
Full;DEA-SC;83;462427291R;TUYAU RIGIDE FREIN ABS ROUE AV G;Pilotada;BUNDY;COLOMBIA;250594-00-BOGOTA;Urrego Lina-Maria;0;J. Laverde;;IL;POE;;;;;;;;DL
Full;DEA-SC;83;462502239R;TUYAU RIGIDE FREIN M/CYL PRMR ESP;Piloto;BUNDY;COLOMBIA;250594-00-BOGOTA;Urrego Lina-Maria;0;J. Laverde;;IL;POE;;;;;;;;DL
Full;DEA-SC;83;462520737R;TUYAU RIGIDE FREIN M/CYL SGD ESP;Pilotada;BUNDY;COLOMBIA;250594-00-BOGOTA;Urrego Lina-Maria;0;J. Laverde;;IL;POE;;;;;;;;DL
Full;DEA-SC;84;403008321R;ROUE 6 1/2XJ 16 5 50 cyclade;Piloto;MADEAL;COLOMBIA;250645-00-MANIZALES;Rojas Maria-Camila;0;E. Montoya;;IL;POE;;;;;;;;DL
Full;DEA-SC;84;403002941R;ROUE 6 1/2XJ 17 5 50;Piloto;MADEAL;COLOMBIA;250645-00-MANIZALES;Rojas Maria-Camila;0;E. Montoya;;IL;POE;;;;;;;;DL
Full;DEA-SC;86;555011891R;ESSIEU AR ASS;Piloto;FANALCA;COLOMBIA;250620-00-MEDELLIN;Urrego Lina-Maria;0;A. Montoya;;IL;POE;;;;;;;;DL
Full;DEA-SC;86;555114785R;ESSIEU AR ASS;Pilotada;FANALCA;COLOMBIA;250620-00-MEDELLIN;Urrego Lina-Maria;0;A. Montoya;;IL;POE;;;;;;;;DL
Full;DEA-SC;86;430001506R;ENSEMBLE TRAIN AR;Pilotada;GABRIEL;COLOMBIA;250635-00-BOGOTA;Urrego Lina-Maria;0;M. Pineda;;IL;POE;;;;;;;;DL
Full;DEA-SC;86;430005827R;ENSEMBLE TRAIN AR;Pilotada;GABRIEL;COLOMBIA;250635-00-BOGOTA;Urrego Lina-Maria;0;M. Pineda;;IL;POE;;;;;;;;DL
Full;DEA-SC;86;430003418R;TRAIN AR ASS;Piloto;GABRIEL;COLOMBIA;250635-00-BOGOTA;Urrego Lina-Maria;M. Prieto;M. Pineda;;IL;POE;;;;;;;;DL
Full;DEA-SC;87;544012299R;BERCEAU AV ASS;Pilotada;FANALCA;COLOMBIA;250620-00-MEDELLIN;Urrego Lina-Maria;0;A. Montoya;;IL;POE;;;;;;;;DL
Full;DEA-SC;87;544015907R;BERCEAU AV ASS;Piloto;FANALCA;COLOMBIA;250620-00-MEDELLIN;Urrego Lina-Maria;0;A. Montoya;;IL;POE;;;;;;;;DL
Full;DEA-SC;88;402000595R;ELEMENT TOURNANT AV D EQP;Pilotada;Gabriel;COLOMBIA;250635-00-BOGOTA;Urrego Lina-Maria;0;M. Pineda;;IL;POE;;;;;;;;DL
Full;DEA-SC;88;402003127R;ELEMENT TOURNANT AV D EQP;Pilotada;Gabriel;COLOMBIA;250635-00-BOGOTA;Urrego Lina-Maria;0;M. Pineda;;IL;POE;;;;;;;;DL
Full;DEA-SC;88;402007128R;ELEMENT TOURNANT AV D EQP;Pilotada;Gabriel;COLOMBIA;250635-00-BOGOTA;Urrego Lina-Maria;0;M. Pineda;;IL;POE;;;;;;;;DL
Full;DEA-SC;88;402008498R;ELEMENT TOURNANT AV D EQP;Pilotada;Gabriel;COLOMBIA;250635-00-BOGOTA;Urrego Lina-Maria;0;M. Pineda;;IL;POE;;;;;;;;DL
Full;DEA-SC;88;400150662R;ELEMENT TOURNANT AV G EQP;Piloto;Gabriel;COLOMBIA;250635-00-BOGOTA;Urrego Lina-Maria;M. Prieto;M. Pineda;;IL;POE;;;;;;;;DL
Full;DEA-SC;88;400156463R;ELEMENT TOURNANT AV G EQP;Pilotada;Gabriel;COLOMBIA;250635-00-BOGOTA;Urrego Lina-Maria;0;M. Pineda;;IL;POE;;;;;;;;DL
Full;DEA-SC;88;400158713R;ELEMENT TOURNANT AV G EQP;Pilotada;Gabriel;COLOMBIA;250635-00-BOGOTA;Urrego Lina-Maria;0;M. Pineda;;IL;POE;;;;;;;;DL
Full;DEA-SC;88;400159192R;ELEMENT TOURNANT AV G EQP;Pilotada;Gabriel;COLOMBIA;250635-00-BOGOTA;Urrego Lina-Maria;0;M. Pineda;;IL;POE;;;;;;;;DL
Full;DEA-SI;91;240116372R;CABLAGE MOTEUR;Piloto;YAZAKI;COLOMBIA;250640-00-CHIA;Ponnuswamy-Munuswamy Vignesh-Kumar z023653;0;B. Couture;;IL;POE;;;;;;;;DL
Fase 4;DE-VD;62;849041272R;TAPIS COFFRE;Piloto;CUPERZ;COLOMBIA;263932-00-BOGOTA;;0;M. Gonzalez;;IL;POE;;;;;;;;DL
Fase 4;DEA-PB;76;172023154R;RESERVOIR CARBURANT EQP;Piloto;FANALCA;COLOMBIA;250620-00-MEDELLIN;Maria Camila Rojas;0;A. Montoya;;IL;POE;;;;;;;;DL
Fase 4;DEA-SC;84;403004652R;ROUE ASS;Piloto;ENSAMBLES ZF;COLOMBIA;280095-00-RIONEGRO;Maria Camila Rojas;0;E. Montoya;;IL;POE;;;;;;;;DL
Fase 4;DEA-SC;84;403006593R;ROUE ASS;Pilotada;ENSAMBLES ZF;COLOMBIA;280095-00-RIONEGRO;Maria Camila Rojas;0;E. Montoya;;IL;POE;;;;;;;;DL
Fase 4;DEA-SC;84;403003304R;ROUE ASS;Pilotada;ENSAMBLES ZF;COLOMBIA;280095-00-RIONEGRO;;0;;;IL;POE;;;;;;;;DL
Full;DEA-PE;73;924801538R;TUYAU SORTIE DETENDEUR;Piloto;FAACA;COLOMBIA;250609-00-MEDELLIN;;0;S. Calle;;IL;POE;;;;;;;;DL
Fase 4;DEA-PB;76;164467923R;CANALISATION ABSORBEUR VAPEUR CRBT;Pilotada;BUNDY;COLOMBIA;250594-00-BOGOTA;;0;J. Laverde;;IL;POE;;;;;;;;DL
Fase 4;DEA-SI;91;240360506R;CABLAGE ADDITIONNEL RADIO;Pilotada;YAZAKI;COLOMBIA;250640-00-CHIA;;0;B. Couture;;IL;POE;;;;;;;;DL
Fase 4;DEA-SI;91;241636245S;CABLAGE AR;;YAZAKI;COLOMBIA;250640-00-CHIA;;0;B. Couture;;IL;POE;;;;;;;;DL
Fase 4;DEA-SI;91;241630401S;CABLAGE AR;;YAZAKI;COLOMBIA;250640-00-CHIA;;0;B. Couture;;IL;POE;;;;;;;;DL
Fase 4;DEA-SI;91;240150718R;CABLAGE BOUCLIER AR;Pilotada;YAZAKI;COLOMBIA;250640-00-CHIA;;0;B. Couture;;IL;POE;;;;;;;;DL
Fase 4;DEA-SI;91;240153511R;CABLAGE BOUCLIER AR;Pilotada;YAZAKI;COLOMBIA;250640-00-CHIA;;0;B. Couture;;IL;POE;;;;;;;;DL
Fase 4;DEA-SI;91;240707068R;CABLAGE BOUCLIER AV;Pilotada;YAZAKI;COLOMBIA;250640-00-CHIA;;0;B. Couture;;IL;POE;;;;;;;;DL
Fase 4;DEA-SI;91;240111246R;CABLAGE MOTEUR;Pilotada;YAZAKI;COLOMBIA;250640-00-CHIA;;0;B. Couture;;IL;POE;;;;;;;;DL
Fase 4;DEA-SI;91;240116889R;CABLAGE MOTEUR;Pilotada;YAZAKI;COLOMBIA;250640-00-CHIA;;0;B. Couture;;IL;POE;;;;;;;;DL
Fase 4;DEA-SI;91;241609677R;CABLAGE PLAFONNIER;;YAZAKI;COLOMBIA;250640-00-CHIA;;0;B. Couture;;IL;POE;;;;;;;;DL
Fase 4;DEA-SI;91;240181990S;CABLAGE PLANCHE BORD;Pilotada;YAZAKI;COLOMBIA;250640-00-CHIA;;0;B. Couture;;IL;POE;;;;;;;;DL
Fase 4;DEA-SI;91;240189752S;CABLAGE PLANCHE BORD;Pilotada;YAZAKI;COLOMBIA;250640-00-CHIA;;0;B. Couture;;IL;POE;;;;;;;;DL
Fase 4;DEA-SI;91;241265088R;CABLAGE PORTE AR;Pilotada;YAZAKI;COLOMBIA;250640-00-CHIA;;0;B. Couture;;IL;POE;;;;;;;;DL
Fase 4;DEA-SI;91;241268798R;CABLAGE PORTE AR;Pilotada;YAZAKI;COLOMBIA;250640-00-CHIA;;0;B. Couture;;IL;POE;;;;;;;;DL
Fase 4;DEA-SI;91;241249055R;CABLAGE PORTE AV;;YAZAKI;COLOMBIA;250640-00-CHIA;;0;B. Couture;;IL;POE;;;;;;;;DL
Fase 4;DEA-SI;91;241244738R;CABLAGE PORTE AV;;YAZAKI;COLOMBIA;250640-00-CHIA;;0;B. Couture;;IL;POE;;;;;;;;DL
Fase 4;DEA-SI;91;241245525R;CABLAGE PORTE AV;Pilotada;YAZAKI;COLOMBIA;250640-00-CHIA;;0;B. Couture;;IL;POE;;;;;;;;DL
Fase 4;DEA-SI;91;241246912R;CABLAGE PORTE AV;Pilotada;YAZAKI;COLOMBIA;250640-00-CHIA;;0;B. Couture;;IL;POE;;;;;;;;DL
Fase 4;DEA-SI;91;241247403R;CABLAGE PORTE AV;Pilotada;YAZAKI;COLOMBIA;250640-00-CHIA;;0;B. Couture;;IL;POE;;;;;;;;DL
Fase 4;DEA-SI;91;240185359S;CABLAGE VIDE-POCHE;Pilotada;YAZAKI;COLOMBIA;250640-00-CHIA;;0;B. Couture;;IL;POE;;;;;;;;DL
Fase 4;DEA-SI;91;240186742S;CABLAGE VIDE-POCHE;Pilotada;YAZAKI;COLOMBIA;250640-00-CHIA;;0;B. Couture;;IL;POE;;;;;;;;DL
Fase 4;DEA-SI;91;240188187S;CABLAGE VIDE-POCHE;Pilotada;YAZAKI;COLOMBIA;250640-00-CHIA;;0;B. Couture;;IL;POE;;;;;;;;DL
Fase 4;DEA-SI;91;240800118R;CABLE MASSE;Pilotada;YAZAKI;COLOMBIA;250640-00-CHIA;;0;B. Couture;;IL;POE;;;;;;;;DL
Fase 4;DEA-SI;91;240805976R;CABLE MASSE;Pilotada;YAZAKI;COLOMBIA;250640-00-CHIA;;0;B. Couture;;IL;POE;;;;;;;;DL
Fase 4;DEA-SI;91;240809275R;CABLE MASSE BATTERIE;Pilotada;YAZAKI;COLOMBIA;250640-00-CHIA;;0;B. Couture;;IL;POE;;;;;;;;DL
Fase 4;DEA-SI;91;240807904R;CABLE MASSE GMP CAISSE;Pilotada;YAZAKI;COLOMBIA;250640-00-CHIA;;0;B. Couture;;IL;POE;;;;;;;;DL
Fase 4;DEA-SI;91;240804958R;CABLE MASSE;Pilotada;YAZAKI;COLOMBIA;250640-00-CHIA;;0;B. Couture;;IL;POE;;;;;;;;DL
Fase 4;DE-VB;43;289101452R;RESERVOIR LAVE PARE-BRISE EQP;;BIG LTDA;COLOMBIA;250593-00-ITAGUI;;0;M. Gonzalez;;IL;POE;;;;;;;;DL
Full;DEA-SI;91;240182568V;CABLAGE PLANCHE BORD;;YAZAKI;COLOMBIA;250640-00-CHIA;;0;B. Couture;;IL;POE;;;;;;;;DL
Full;DEA-SI;91;240156639R;CABLAGE BOUCLIER AR;;YAZAKI;COLOMBIA;250640-00-CHIA;;0;B. Couture;;IL;POE;;;;;;;;DL
Full;DEA-SI;91;240182337V;CABLAGE PLANCHE BORD;;YAZAKI;COLOMBIA;250640-00-CHIA;;0;B. Couture;;IL;POE;;;;;;;;DL
Full;DE-VB;12;641634983R;SUPPORT SUR CAISSE BATTERIE PARTIE INF;Piloto;INDUSTRIAS METALICAS J B;COLOMBIA;250622-01-BOGOTA;;0;;;IL;POE;;;;;;;;DL
Full;DE-VB;12;648604839R;SUPPORT SUR CAISSE BAC BATTERIE ASS;Piloto;INDUSTRIAS METALICAS J B;COLOMBIA;250622-01-BOGOTA;;0;;;IL;POE;;;;;;;;DL
Full;DEA-SI;91;240181332V;CABLAGE PLANCHE BORD;;YAZAKI;COLOMBIA;250640-00-CHIA;;0;B. Couture;;IL;POE;;;;;;;;DL
Full;DEA-SI;91;240183031V;CABLAGE PLANCHE BORD;;YAZAKI;COLOMBIA;250640-00-CHIA;;0;B. Couture;;IL;POE;;;;;;;;DL
Full;DEA-SI;91;240182558V;CABLAGE PLANCHE BORD;;YAZAKI;COLOMBIA;250640-00-CHIA;;0;B. Couture;;IL;POE;;;;;;;;DL
Full;DEA-SI;91;241609977R;CABLAGE PLAFONNIER;Pilotada;YAZAKI;COLOMBIA;250640-00-CHIA;;0;B. Couture;;IL;POE;;;;;;;;DL
Full;DEA-SI;91;241639663S;CABLAGE AR;Pilotada;YAZAKI;COLOMBIA;250640-00-CHIA;;0;B. Couture;;IL;POE;;;;;;;;DL
Full;DEA-SI;91;240187243V;CABLAGE AR;;YAZAKI;COLOMBIA;250640-00-CHIA;;0;B. Couture;;IL;POE;;;;;;;;DL
Full;DEA-SI;91;241634563S;CABLAGE AR;;YAZAKI;COLOMBIA;250640-00-CHIA;;0;B. Couture;;IL;POE;;;;;;;;DL
Full;DE-VD;41;8200798475;CACHE CAPTEUR ABS;;MATROMOL;COLOMBIA;250614-00-BOGOTA;;0;;;IL;POE;;;;;;;;DL
Full;DE-VD;62;794200942R;TABLETTE CTL AR;Piloto;TRIMCO S A;COLOMBIA;250616-00-BOGOTA;;0;;;IL;POE;;;;;;;;DL
Full;DEA-SC;74;308512244R;CONDUITE HYD EMBRAYAGE H/P;Piloto;RAICAM DRIVELINE SRL;ITALY;416190-00-MONDOVI;Ana Maria MORENO;0;A. Montoya;Sylvain Maurel;PLDA;POE;;;;;;;;PLDA
Full;DEA-SC;84;403123202R;PNEUMATIQUE 215/60 R 17 96 H;Piloto;CONTINENTAL TIRE ANDINA S.A;ECUADOR;283629-00-QUITO;Maria Camila Rojas;Ana Maria Hernandez;E. Montoya;;PLDA;POE;;;;;;;;PLDA
Fase 4;DE-VD;42;256103900R;AVERTISSEUR SONORE TROMPE GRAVE;Piloto;FIAMM SOGEFI BUZINAS LTDA;BRAZIL;620590-00;;0;M. Pineda;Victor Sumnienski;PLDA;POE;;;;;;;;PLDA
Fase 4;DE-VD;63;878543969R;DEVIATEUR BOUCLE CTRE SCR D 1ERE RNG;Pilotada;MARTUR;ROMANIA;286023-03;Hurtado Maria-Camila;Ortega Jose-Julian ax19468;B. Couture;N/A;PLDA;POE;;;;;;;;PLDA
Fase 4;DE-VD;63;878555049R;DEVIATEUR BOUCLE CTRE SCR G 1ERE RNG;Piloto;MARTUR;ROMANIA;286023-03;Hurtado Maria-Camila;Ortega Jose-Julian ax19468;B. Couture;N/A;PLDA;POE;;;;;;;;PLDA
Fase 4;DE-VD;63;875422882R;ENTRETOISE FIX SIEGE;Pilotada;MARTUR;ROMANIA;286023-03;Hurtado Maria-Camila;Saldarriaga Luis-Felipe ax20238;B. Couture;N/A;PLDA;POE;;;;;;;;PLDA
Fase 4;DE-VD;64;8201733550;ENSEMBLE SUPPORT POIGNEE HAUT DOSSIER G;Piloto;MARTUR;ROMANIA;286023-03;Hurtado Maria-Camila;Saldarriaga Luis-Felipe ax20238;B. Couture;N/A;PLDA;POE;;;;;;;;PLDA
Fase 4;DE-VD;64;8201733594;ANNEAU PLASTIQUE;Piloto;MARTUR;ROMANIA;286023-03;Hurtado Maria-Camila;Saldarriaga Luis-Felipe ax20238;B. Couture;N/A;PLDA;POE;;;;;;;;PLDA
Fase 4;DE-VD;64;8201733595;ANNEAU FIX SIEGE 2EME RNG;Pilotada;MARTUR;ROMANIA;286023-03;Hurtado Maria-Camila;Saldarriaga Luis-Felipe ax20238;B. Couture;N/A;PLDA;POE;;;;;;;;PLDA
Fase 4;DE-VD;64;8201733553;BUTEE HAUT DE DOSSIER;Piloto;MARTUR;ROMANIA;286023-03;Hurtado Maria-Camila;Saldarriaga Luis-Felipe ax20238;B. Couture;N/A;PLDA;POE;;;;;;;;PLDA
Fase 4;DE-VD;64;8201733551;PATTE CENTRALE INTERFACE PLANCHER;Piloto;MARTUR;ROMANIA;286023-03;Hurtado Maria-Camila;Saldarriaga Luis-Felipe ax20238;B. Couture;N/A;PLDA;POE;;;;;;;;PLDA
Fase 4;DE-VD;64;745L49124R;AXE ARTICULATION SIEGE 2EME RNG;Piloto;MARTUR;ROMANIA;286023-03;Hurtado Maria-Camila;Saldarriaga Luis-Felipe ax20238;B. Couture;N/A;PLDA;POE;;;;;;;;PLDA
Fase 4;DE-VD;65;8201733549;ENSEMBLE SUPPORT POIGNEE HAUT DOSSIER D;Pilotada;MARTUR;ROMANIA;286023-03;Hurtado Maria-Camila;Saldarriaga Luis-Felipe ax20238;B. Couture;N/A;PLDA;POE;;;;;;;;PLDA
Fase 4;DE-VD;66;8201733547;PONTET CENTRAL DOSSIER 40%;Piloto;MARTUR;ROMANIA;286023-03;Hurtado Maria-Camila;Saldarriaga Luis-Felipe ax20238;B. Couture;N/A;PLDA;POE;;;;;;;;PLDA
Fase 4;DE-VD;67;8201733548;PONTET CENTRAL DOSSIER 60%;Pilotada;MARTUR;ROMANIA;286023-03;Hurtado Maria-Camila;Saldarriaga Luis-Felipe ax20238;B. Couture;N/A;PLDA;POE;;;;;;;;PLDA
Fase 4;DE-VD;68;870698365R;CABLAGE SIEGE 1ERE RNG;Pilotada;MARTUR;ROMANIA;286023-03;Hurtado Maria-Camila;0;B. Couture;N/A;PLDA;POE;;;;;;;;PLDA
Fase 4;DE-VD;69;873332279R;NAPPE DETECTION PASSAGER;Pilotada;MARTUR;ROMANIA;286023-03;Hurtado Maria-Camila;0;B. Couture;N/A;PLDA;POE;;;;;;;;PLDA
Fase 4;DEA-PB;76;172026454R;RESERVOIR CARBURANT EQP;Piloto;INERGY;ROMANIA;611994-00-PITESTI;;0;A. Montoya;DINCA Valerica-Adriana;PLDA;POE;;;;;;;;PLDA
Fase 4;DEA-PB;76;172217545R;PIPE REMPLISSAGE EQP;Piloto;INERGY;ROMANIA;611994-00-PITESTI;Maria Camila Rojas;0;A. Montoya;DINCA Valerica-Adriana;PLDA;POE;;;;;;;;PLDA
Fase 4;DEA-PB;76;172025249R;MODULE JAUGE POMPE;Pilotada;TI AUTOMOTIVE FUEL SYSTEMS S;ROMANIA;241147-02-CHALONS EN CHAMPAGNE;;0;A. Montoya;;PLDA;POE;;;;;;;;PLDA
Fase 4;DEA-PB;76;172027736R;MODULE JAUGE POMPE;Pilotada;TI AUTOMOTIVE FUEL SYSTEMS S;ROMANIA;241147-02-CHALONS EN CHAMPAGNE;;0;A. Montoya;;PLDA;POE;;;;;;;;PLDA
Fase 4;DEA-PB;76;172025115R;MODULE JAUGE POMPE;Piloto;TI AUTOMOTIVE FUEL SYSTEMS S;ROMANIA;241147-02-CHALONS EN CHAMPAGNE;Maria Camila Rojas;0;A. Montoya;C複ine Gontier Alexandre;PLDA;POE;;;;;;;;PLDA
Full;DE-VD;41;638758276R;ENJOLIVEUR AILE AV G ASS;Pilotada;SIMOLDES PLASTICOS DO BRASIL;BRAZIL;620679-00-SAO JOSE DOS PINHAIS;Reis Paulo;Christian FERREIRA;J. Gomez;;PLDA;POE;;;;;;;;PLDA
Full;DE-VD;41;638745762R;ENJOLIVEUR AILE AV D ASS;Piloto;SIMOLDES PLASTICOS DO BRASIL;BRAZIL;620679-00-SAO JOSE DOS PINHAIS;Reis Paulo;Christian FERREIRA;J. Gomez;Maykon DELANEZA;PLDA;POE;;;;;;;;PLDA
Full;DEA-SC;72;112215458R;TAMPON ELASTIQUE AV G;Piloto;SUMIRIKO POLAND SP.Z O O;POLAND;254269-00-WOLBROM-POLOGNE;;Jaubert Francois a195853;M. Pineda;Mayara DE-LIMA;PLDA;POE;;S1941;;;;;;PLDA
Full;DEA-SI;91;240119136R;CABLAGE MOTEUR;;YAZAKI;PARAGUAY;0292218-00-MARIANO ROQUE ALONSO;;0;B. Couture;TBD a validar con D. Saldarriaga;PLDA;POE;;;;;;;;PLDA
Fase 4;DEA-PE;61;868684474R;PONTET FIX CEINTURE;Piloto;MARTUR;ROMANIA;286023-03;;0;B. Couture;N/A;PLDA;POE;;;;;;;;PLDA
Fase 4;DEA-PE;61;868687570R;PONTET FIX CEINTURE;Pilotada;MARTUR;ROMANIA;286023-03;Juan D Cock;0;B. Couture;N/A;PLDA;POE;;;;;;;;PLDA
Fase 4;DE-VD;63;873014215R;ARMATURE COUSSIN AV D;Pilotada;MARTUR;ROMANIA;286023-03;Juan D Cock;0;B. Couture;N/A;PLDA;POE;;;;;;;;PLDA
Fase 4;DE-VD;63;873516350R;ARMATURE COUSSIN AV G;Piloto;MARTUR;ROMANIA;286023-03;Juan D Cock;0;B. Couture;N/A;PLDA;POE;;;;;;;;PLDA
Fase 4;DE-VD;63;876019945R;ARMT DOSSIER AV D;Pilotada;MARTUR;ROMANIA;286023-03;;0;B. Couture;N/A;PLDA;POE;;;;;;;;PLDA
Fase 4;DE-VD;63;876513395R;ARMT DOSSIER AV G;Piloto;MARTUR;ROMANIA;286023-03;;0;B. Couture;N/A;PLDA;POE;;;;;;;;PLDA
Fase 4;DE-VD;63;870698052R;CABLAGE SIEGE CONDUCTEUR;Piloto;MARTUR;ROMANIA;286023-03;Hurtado Maria-Camila;Ortega Jose-Julian ax19468;B. Couture;N/A;PLDA;POE;;;;;;;;PLDA
Fase 4;DE-VD;63;875421247R;ENTRETOISE FIX SIEGE;Piloto;MARTUR;ROMANIA;286023-03;;0;B. Couture;N/A;PLDA;POE;;;;;;;;PLDA
Fase 4;DE-VD;63;873702189R;HOUSSE SIEGE AV;Piloto;MARTUR;ROMANIA;286023-03;;0;B. Couture;N/A;PLDA;POE;;;;;;;;PLDA
Fase 4;DE-VD;63;873352381R;NAPPE ASSISE SIEGE 1ERE RNG;Piloto;MARTUR;ROMANIA;286023-03;;0;B. Couture;N/A;PLDA;POE;;;;;;;;PLDA
Fase 4;DE-VD;63;876359029R;NAPPE DOSSIER SIEGE 1ERE RNG;Pilotada;MARTUR;ROMANIA;286023-03;;0;B. Couture;N/A;PLDA;POE;;;;;;;;PLDA
Fase 4;DE-VD;63;874110995R;PALONNIER SIEGE AV D;Pilotada;MARTUR;ROMANIA;286023-03;;0;B. Couture;N/A;PLDA;POE;;;;;;;;PLDA
Fase 4;DE-VD;63;874116662R;PALONNIER SIEGE AV G;Piloto;MARTUR;ROMANIA;286023-03;;0;B. Couture;N/A;PLDA;POE;;;;;;;;PLDA
Fase 4;DE-VD;63;883460567R;POIGNEE ARTICULATION;Pilotada;MARTUR;ROMANIA;286023-03;;0;B. Couture;N/A;PLDA;POE;;;;;;;;PLDA
Fase 4;DE-VD;63;883463016R;POIGNEE ARTICULATION;Pilotada;MARTUR;ROMANIA;286023-03;;0;B. Couture;N/A;PLDA;POE;;;;;;;;PLDA
Fase 4;DE-VD;63;884174545R;POIGNEE CDE ARTC DOSSIER D SJ 2EME RNG;Piloto;MARTUR;ROMANIA;286023-03;;0;B. Couture;N/A;PLDA;POE;;;;;;;;PLDA
Fase 4;DE-VD;63;884675058R;POIGNEE CDE ARTC DOSSIER G SJ 2EME RNG;Pilotada;MARTUR;ROMANIA;286023-03;;0;B. Couture;N/A;PLDA;POE;;;;;;;;PLDA
Fase 4;DE-VD;63;873681002R;POIGNEE CDE REHAUSSE SIEGE G;Piloto;MARTUR;ROMANIA;286023-03;;0;B. Couture;N/A;PLDA;POE;;;;;;;;PLDA
Fase 4;DE-VD;63;875D44794R;RENFORT ARMATURE COUSSIN SIEGE AV G;Piloto;MARTUR;ROMANIA;286023-03;;0;B. Couture;N/A;PLDA;POE;;;;;;;;PLDA
Full;DEA-SI;92;233001560R;DEMARREUR;Piloto;SEG AUTOMOTIVE INDIA PRIVATE;INDIA;408599-01-BANGALORE;Georman Eugen-Catalin;0;M. Pineda;Victor Sumnienski;PLDA;POE;;;;;;;;PLDA
Fase 4;DE-VD;63;870698191R;CABLAGE SIEGE CONDUCTEUR;Pilotada;MARTUR;ROMANIA;286023-03;;0;B. Couture;N/A;PLDA;POE;;;;;;;;PLDA
Fase 4;DE-VD;63;8201727227;CARTER SIEGE AV D;Pilotada;MARTUR;ROMANIA;286023-03;;0;B. Couture;N/A;PLDA;POE;;;;;;;;PLDA
Fase 4;DEA-SM;95;2591A5195R;CALCULATEUR BOITIER TELEMATIQUE;Piloto;CONTINENTAL AUTOMOTIVE SYSTEMS, INC;MEXICO;403212-01-NOGALES;ZAHARIA Cristina;0;M. Pineda;Alvaro Cesar Benin;PLDA;POE;;;;;;;;PLDA
Fase 4;DE-VD;63;8201727228;OBTURATEUR CDE INCLINAISON SJ 1ERE RNG;Pilotada;MARTUR;ROMANIA;286023-03;;0;B. Couture;N/A;PLDA;POE;;;;;;;;PLDA
Fase 4;DE-VD;63;8201727226;CARTER SIEGE AV G;Piloto;MARTUR;ROMANIA;286023-03;;0;B. Couture;N/A;PLDA;POE;;;;;;;;PLDA
Fase 4;DE-VD;63;8201727229;OBTURATEUR CDE REHAUSSE SIEGE 1ERE RNG;Pilotada;MARTUR;ROMANIA;286023-03;;0;B. Couture;N/A;PLDA;POE;;;;;;;;PLDA
Fase 4;DE-VD;63;8201727221;DOUILLE APPUI-TETE;Piloto;MARTUR;ROMANIA;286023-03;;0;B. Couture;N/A;PLDA;POE;;;;;;;;PLDA
Fase 4;DEA-MM;M8;100019059R;MOT ASS H5H 452;;VALLADOLLID MOTORES;SPAIN;VALLADOLLID;;0;E. Montoya;;PLDA;POI;;S2008;;;;;;PLDA
Fase 4;DEA-MM;M8;100016023R;MOT ASS H5H 462;;VALLADOLLID MOTORES;SPAIN;VALLADOLLID;;0;E. Montoya;;PLDA;POI;;S2008;;;;;;PLDA
Full;DEA-MM;M2;144601932R;CONDUIT AIR SORTIE TURBOCOMPRESSEUR;Piloto;CONTITECH FLUID AUTOMOT.ROMA;ROMANIA;402535-00-CAREI-ROUMANIE;Albiero Andre;Melanie  HEURTAUX / Lidia ILIE;E. Montoya;??;PLDA;POE;;;;;;;;PLDA
Full;DEA-MM;M2;144606197R;CONDUIT AIR SORTIE ECHANGEUR EQP;Piloto;CIKAUTXO RO RUBBER AND PLAST;ROMANIA;401930-00-CAMPIA TURZII-ROUMANIE;;Elena Alexandra GHITA - AY33924;E. Montoya;Paulo Locatelli;PLDA;POE;;;;;;;;PLDA
Full;DEA-MM;M4;144989505R;TUYAU EAU SORTIE TURBOCOMPRESSEUR;Piloto;HBA HUTCHINSON BRASIL AUTOMO;BRAZIL;620605-00-EXTREMA;;Jo伋 Vicente - LB00627;E. Montoya;Seko Sergio lb14383;PLDA;POE;;S1943;;;;;;PLDA
Full;DEA-MM;M2;165554519R;CONDUIT AIR AMONT FILTRE;Piloto;NOVARES DO BRASIL IND. AUTOM;BRAZIL;119742-00-PIRITUBA SP-BRESIL;;Karine SUZUKI NA03129;E. Montoya;Alexandre Bilecki;PLDA;POE;;S1942;;;;;;PLDA
Full;DEA-MM;M4;213073374R;TUYAU EAU ENTREE ECHANGEUR EAU HUILE;Piloto;HBA HUTCHINSON BRASIL AUTOMO;BRAZIL;620605-00-EXTREMA;;Jo伋 Vicente - LB00627;E. Montoya;Seko Sergio lb14383;PLDA;POE;;S1943;;;;;;PLDA
Full;DEA-MM;M4;213083594R;TUYAU EAU SORTIE ECHANGEUR EAU HUILE;Piloto;HBA HUTCHINSON BRASIL AUTOMO;BRAZIL;620605-00-EXTREMA;;Laura Dorina IONESCU - AY29087;E. Montoya;Seko Sergio lb14383;PLDA;POE;;S1943;;;;;;PLDA
Full;DEA-MM;M2;223200867R;TUYAU DPRS POMPE VIDE - ELECTROVANNE;Piloto;HBA HUTCHINSON BRASIL AUTOMO;BRAZIL;620605-00-EXTREMA;;Jo伋 Vicente - LB00627;E. Montoya;Seko Sergio lb14383;PLDA;POE;;S1943;;;;;;PLDA
Full;DEA-MM;M5;118294850R;TUYAUTERIE VAPEUR HUILE SORTIE DECANTEUR;Piloto;NOBEL AUTOMOTIVE ROMANIA SRL;ROMANIA;265515-01-CAMPULUNG MUSCEL;;Laura Ionescu AY29087;E. Montoya;Paulo Locatelli;PLDA;POE;;S1946;;;;;;PLDA
Fase 4;DE-VD;62;806708865R;POIGNEE INT PORTE AV D;Pilotada;SIMOLDES PLASTICOS DO BRASIL;BRAZIL;620679-00-SAO JOSE DOS PINHAIS;;0;J. Gomez;;PLDA;POE;;;;;;;;PLDA
Fase 4;DE-VD;62;806716274R;POIGNEE INT PORTE AV G;Pilotada;SIMOLDES PLASTICOS DO BRASIL;BRAZIL;620679-00-SAO JOSE DOS PINHAIS;;0;J. Gomez;;PLDA;POE;;;;;;;;PLDA
Fase 4;DE-VD;62;809082461R;MEDAILLON GARNITURE PANNEAU PORTE AV D;Pilotada;SIMOLDES PLASTICOS DO BRASIL;BRAZIL;620679-00-SAO JOSE DOS PINHAIS;;0;J. Gomez;;PLDA;POE;;;;;;;;PLDA
Fase 4;DE-VD;62;809083144R;MEDAILLON GARNITURE PANNEAU PORTE AV D;Pilotada;SIMOLDES PLASTICOS DO BRASIL;BRAZIL;620679-00-SAO JOSE DOS PINHAIS;;0;J. Gomez;;PLDA;POE;;;;;;;;PLDA
Fase 4;DE-VD;62;809099644R;MEDAILLON GARNITURE PANNEAU PORTE AV G;Pilotada;SIMOLDES PLASTICOS DO BRASIL;BRAZIL;620679-00-SAO JOSE DOS PINHAIS;;0;J. Gomez;;PLDA;POE;;;;;;;;PLDA
Fase 4;DE-VD;62;809099915R;MEDAILLON GARNITURE PANNEAU PORTE AV G;Pilotada;SIMOLDES PLASTICOS DO BRASIL;BRAZIL;620679-00-SAO JOSE DOS PINHAIS;;0;J. Gomez;;PLDA;POE;;;;;;;;PLDA
Fase 4;DE-VD;62;809100835R;BAC PORTE AV D;Pilotada;SIMOLDES PLASTICOS DO BRASIL;BRAZIL;620679-00-SAO JOSE DOS PINHAIS;;0;J. Gomez;;PLDA;POE;;;;;;;;PLDA
Fase 4;DE-VD;62;809116688R;BAC PORTE AV G;Pilotada;SIMOLDES PLASTICOS DO BRASIL;BRAZIL;620679-00-SAO JOSE DOS PINHAIS;;0;J. Gomez;;PLDA;POE;;;;;;;;PLDA
Fase 4;DE-VD;62;809402873R;ACCOUDOIR PORTE AV D;Pilotada;SIMOLDES PLASTICOS DO BRASIL;BRAZIL;620679-00-SAO JOSE DOS PINHAIS;;0;J. Gomez;;PLDA;POE;;;;;;;;PLDA
Fase 4;DE-VD;62;809415645R;ACCOUDOIR PORTE AV G;Pilotada;SIMOLDES PLASTICOS DO BRASIL;BRAZIL;620679-00-SAO JOSE DOS PINHAIS;;0;J. Gomez;;PLDA;POE;;;;;;;;PLDA
Fase 4;DE-VD;62;826748552R;RENFORT POIGNEE TIRAGE D;Pilotada;SIMOLDES PLASTICOS DO BRASIL;BRAZIL;620679-00-SAO JOSE DOS PINHAIS;;0;J. Gomez;;PLDA;POE;;;;;;;;PLDA
Fase 4;DE-VD;62;826754919R;RENFORT POIGNEE TIRAGE G;Pilotada;SIMOLDES PLASTICOS DO BRASIL;BRAZIL;620679-00-SAO JOSE DOS PINHAIS;;0;J. Gomez;;PLDA;POE;;;;;;;;PLDA
Fase 4;DE-VD;62;829102588R;BAC PORTE AR D;Pilotada;SIMOLDES PLASTICOS DO BRASIL;BRAZIL;620679-00-SAO JOSE DOS PINHAIS;;0;J. Gomez;;PLDA;POE;;;;;;;;PLDA
Fase 4;DE-VD;62;829117078R;BAC PORTE AR G;Pilotada;SIMOLDES PLASTICOS DO BRASIL;BRAZIL;620679-00-SAO JOSE DOS PINHAIS;;0;J. Gomez;;PLDA;POE;;;;;;;;PLDA
Fase 4;DE-VD;62;829409491R;ACCOUDOIR PORTE AR D;Pilotada;SIMOLDES PLASTICOS DO BRASIL;BRAZIL;620679-00-SAO JOSE DOS PINHAIS;;0;J. Gomez;;PLDA;POE;;;;;;;;PLDA
Fase 4;DE-VD;62;829412582R;ACCOUDOIR PORTE AR G;Piloto;SIMOLDES PLASTICOS DO BRASIL;BRAZIL;620679-00-SAO JOSE DOS PINHAIS;;0;J. Gomez;;PLDA;POE;;;;;;;;PLDA
Fase 4;DE-VD;63;886020178R;ETRIER APPUI TETE;Piloto;MARTUR;ROMANIA;286023-03;;0;B. Couture;N/A;PLDA;POE;;;;;;;;PLDA
Fase 4;DE-VD;63;886027039R;ETRIER APPUI TETE;Piloto; TESCA DINIZ TURKEY TEKSTIL VE KOLTU;TURKEY;297510-01-BURSA-TURQUIE;;0;B. Couture;??;PLDA;POE;;;;;;;;PLDA
;;;873333523R;;;;;;;;;;;;;;;;;;;PLDA
